gateway_id,mac_addr,reader_ip,location_id,reader_status,up_status,down_status,assigned,serial,created_at,updated_at,deleted_at
1,AC233FC09C05,NULL,2,NULL,"2021-04-16 02:07:23","0000-00-00 00:00:00",1,L1-CA-01,"2021-04-15 09:31:58","2021-04-16 02:07:23",NULL
2,AC233FC09C06,NULL,2,NULL,"2021-04-16 02:07:35","0000-00-00 00:00:00",1,L1-CA-02,"2021-04-15 09:31:58","2021-04-16 02:07:35",NULL
3,AC233FC09C07,NULL,2,NULL,"2021-04-16 02:07:47","0000-00-00 00:00:00",1,L1-CA-03,"2021-04-15 09:31:58","2021-04-16 02:07:47",NULL
4,AC233FC09C08,NULL,2,NULL,"2021-04-16 02:07:57","0000-00-00 00:00:00",1,L1-CA-04,"2021-04-15 09:31:58","2021-04-16 02:07:57",NULL
5,AC233FC09C09,NULL,2,NULL,"2021-04-16 02:08:13","0000-00-00 00:00:00",1,L1-CA-05,"2021-04-15 09:31:58","2021-04-16 02:08:13",NULL
6,AC233FC09C0A,NULL,2,NULL,"2021-04-16 02:08:28","0000-00-00 00:00:00",1,L1-CA-06,"2021-04-15 09:31:58","2021-04-16 02:08:28",NULL
7,AC233FC09C0B,NULL,2,NULL,"2021-04-16 02:08:43","0000-00-00 00:00:00",1,L1-CA-07,"2021-04-15 09:31:58","2021-04-16 02:08:43",NULL
8,AC233FC09C0C,NULL,2,NULL,"2021-04-16 02:08:54","0000-00-00 00:00:00",1,L1-CA-08,"2021-04-15 09:31:58","2021-04-16 02:08:54",NULL
9,AC233FC09C0D,NULL,3,NULL,"2021-04-16 02:09:11","0000-00-00 00:00:00",1,L1-CA-09,"2021-04-15 09:31:58","2021-04-16 02:09:11",NULL
10,AC233FC09C0E,NULL,3,NULL,"2021-04-16 02:10:07","0000-00-00 00:00:00",1,L1-CA-10,"2021-04-15 09:31:58","2021-04-16 02:10:07",NULL
11,AC233FC09C0F,NULL,3,NULL,"2021-04-16 02:10:19","0000-00-00 00:00:00",1,L1-CA-11,"2021-04-15 09:31:58","2021-04-16 02:10:19",NULL
12,AC233FC09C10,NULL,4,NULL,"2021-04-16 02:10:37","0000-00-00 00:00:00",1,L1-CA-12,"2021-04-15 09:31:58","2021-04-16 02:10:37",NULL
13,AC233FC09C11,NULL,4,NULL,"2021-04-16 02:10:48","0000-00-00 00:00:00",1,L1-CA-13,"2021-04-15 09:31:58","2021-04-16 02:10:48",NULL
14,AC233FC09C12,NULL,4,NULL,"2021-04-16 02:10:57","0000-00-00 00:00:00",1,L1-CA-14,"2021-04-15 09:31:58","2021-04-16 02:10:57",NULL
15,AC233FC09C13,NULL,5,NULL,"2021-04-16 02:11:08","0000-00-00 00:00:00",1,L1-CA-15,"2021-04-15 09:31:58","2021-04-16 02:11:08",NULL
16,AC233FC09C14,NULL,6,NULL,"2021-04-16 02:11:22","0000-00-00 00:00:00",1,L1-CA-16,"2021-04-15 09:31:58","2021-04-16 02:11:22",NULL
17,AC233FC09C15,NULL,6,NULL,"2021-04-16 02:11:30","0000-00-00 00:00:00",1,L1-CA-17,"2021-04-15 09:31:58","2021-04-16 02:11:30",NULL
18,AC233FC09C16,NULL,7,NULL,"2021-04-16 02:11:43","0000-00-00 00:00:00",1,L1-CA-18,"2021-04-15 09:31:58","2021-04-16 02:11:43",NULL
19,AC233FC09C17,NULL,8,NULL,"2021-04-16 02:12:02","0000-00-00 00:00:00",1,L1-CA-19,"2021-04-15 09:31:58","2021-04-16 02:12:02",NULL
20,AC233FC09C18,NULL,8,NULL,"2021-04-16 02:12:11","0000-00-00 00:00:00",1,L1-CA-20,"2021-04-15 09:31:58","2021-04-16 02:12:11",NULL
21,AC233FC09C19,NULL,16,NULL,"2021-04-16 02:12:24","0000-00-00 00:00:00",1,L1-CA-21,"2021-04-15 09:31:58","2021-04-16 02:12:24",NULL
22,AC233FC09C1A,NULL,16,NULL,"2021-04-16 02:12:31","0000-00-00 00:00:00",1,L1-CA-22,"2021-04-15 09:31:58","2021-04-16 02:12:31",NULL
23,AC233FC09C1B,NULL,10,NULL,"2021-04-16 02:12:52","0000-00-00 00:00:00",1,L1-CA-23,"2021-04-15 09:31:58","2021-04-16 02:12:52",NULL
24,AC233FC09C1C,NULL,10,NULL,"2021-04-16 02:13:07","0000-00-00 00:00:00",1,L1-CA-24,"2021-04-15 09:31:58","2021-04-16 02:13:07",NULL
25,AC233FC09C1D,NULL,10,NULL,"2021-04-16 02:13:16","0000-00-00 00:00:00",1,L1-CA-25,"2021-04-15 09:31:58","2021-04-16 02:13:16",NULL
26,AC233FC09C1E,NULL,10,NULL,"2021-04-16 02:13:29","0000-00-00 00:00:00",1,L1-CA-26,"2021-04-15 09:31:58","2021-04-16 02:13:29",NULL
27,AC233FC09C1F,NULL,9,NULL,"2021-04-16 02:13:40","0000-00-00 00:00:00",1,L1-CA-27,"2021-04-15 09:31:58","2021-04-16 02:13:40",NULL
28,AC233FC09C20,NULL,11,NULL,"2021-04-16 02:13:55","0000-00-00 00:00:00",1,L1-CA-28,"2021-04-15 09:31:58","2021-04-16 02:13:55",NULL
29,AC233FC09C21,NULL,11,NULL,"2021-04-16 02:14:10","0000-00-00 00:00:00",1,L1-CA-29,"2021-04-15 09:31:58","2021-04-16 02:14:10",NULL
30,AC233FC09C22,NULL,11,NULL,"2021-04-16 02:14:29","0000-00-00 00:00:00",1,L1-CA-30,"2021-04-15 09:31:58","2021-04-16 02:14:29",NULL
31,AC233FC09C23,NULL,11,NULL,"2021-04-16 02:14:39","0000-00-00 00:00:00",1,L1-CA-31,"2021-04-15 09:31:58","2021-04-16 02:14:39",NULL
32,AC233FC09C24,NULL,11,NULL,"2021-04-16 02:14:53","0000-00-00 00:00:00",1,L1-CA-32,"2021-04-15 09:31:58","2021-04-16 02:14:53",NULL
33,AC233FC09C25,NULL,11,NULL,"2021-04-16 02:15:05","0000-00-00 00:00:00",1,L1-CA-33,"2021-04-15 09:31:58","2021-04-16 02:15:05",NULL
34,AC233FC09C26,NULL,12,NULL,"2021-04-16 02:16:00","0000-00-00 00:00:00",1,L1-CA-34,"2021-04-15 09:31:58","2021-04-16 02:16:00",NULL
35,AC233FC09C27,NULL,15,NULL,"2021-04-16 02:16:27","0000-00-00 00:00:00",1,L1-CA-35,"2021-04-15 09:31:58","2021-04-16 02:16:27",NULL
36,AC233FC09C28,NULL,15,NULL,"2021-04-16 02:16:40","0000-00-00 00:00:00",1,L1-CA-36,"2021-04-15 09:31:58","2021-04-16 02:16:40",NULL
37,AC233FC09C29,NULL,15,NULL,"2021-04-16 02:17:29","0000-00-00 00:00:00",1,L1-CA-37,"2021-04-15 09:31:58","2021-04-16 02:17:29",NULL
38,AC233FC09C2A,NULL,13,NULL,"2021-04-16 02:17:57","0000-00-00 00:00:00",1,L1-PT-01,"2021-04-15 09:31:58","2021-04-16 02:17:57",NULL
39,AC233FC09C2B,NULL,14,NULL,"2021-04-16 02:18:06","0000-00-00 00:00:00",1,L1-PT-02,"2021-04-15 09:31:58","2021-04-16 02:18:06",NULL
40,AC233FC09C2C,NULL,1,NULL,"2021-04-16 02:18:22","0000-00-00 00:00:00",1,L1-CR-01,"2021-04-15 09:31:58","2021-04-16 02:18:22",NULL
41,AC233FC09C2D,NULL,1,NULL,"2021-04-16 02:18:39","0000-00-00 00:00:00",1,L1-CR-02,"2021-04-15 09:31:58","2021-04-16 02:18:39",NULL
42,AC233FC09C2E,NULL,1,NULL,"2021-04-16 02:18:55","0000-00-00 00:00:00",1,L1-CR-03,"2021-04-15 09:31:58","2021-04-16 02:18:55",NULL
43,AC233FC09C2F,NULL,1,NULL,"2021-04-16 02:19:08","0000-00-00 00:00:00",1,L1-CR-04,"2021-04-15 09:31:58","2021-04-16 02:19:08",NULL
44,AC233FC09C30,NULL,17,NULL,"2021-04-16 02:49:18","0000-00-00 00:00:00",1,L2-RT-01,"2021-04-15 09:31:58","2021-04-16 02:49:18",NULL
45,AC233FC09C31,NULL,17,NULL,"2021-04-16 02:49:34","0000-00-00 00:00:00",1,L2-RT-02,"2021-04-15 09:31:58","2021-04-16 02:49:34",NULL
46,AC233FC09C32,NULL,18,NULL,"2021-04-16 02:50:13","0000-00-00 00:00:00",1,L2-RM-11,"2021-04-15 09:31:58","2021-04-16 02:50:13",NULL
47,AC233FC09C33,NULL,18,NULL,"2021-04-16 02:50:36","0000-00-00 00:00:00",1,L2-RM-12,"2021-04-15 09:31:58","2021-04-16 02:50:36",NULL
48,AC233FC09C34,NULL,18,NULL,"2021-04-16 02:51:07","0000-00-00 00:00:00",1,L2-RM-13,"2021-04-15 09:31:58","2021-04-16 02:51:07",NULL
49,AC233FC09C35,NULL,18,NULL,"2021-04-16 02:51:27","0000-00-00 00:00:00",1,L2-RM-14,"2021-04-15 09:31:58","2021-04-16 02:51:27",NULL
50,AC233FC09C36,NULL,19,NULL,"2021-04-16 02:56:26","0000-00-00 00:00:00",1,L2-RT-03,"2021-04-15 09:31:58","2021-04-16 02:56:26",NULL
51,AC233FC09C37,NULL,19,NULL,"2021-04-16 02:56:39","0000-00-00 00:00:00",1,L2-RT-04,"2021-04-15 09:31:58","2021-04-16 02:56:39",NULL
52,AC233FC09C38,NULL,20,NULL,"2021-04-16 02:57:54","0000-00-00 00:00:00",1,L2-RM-21,"2021-04-15 09:31:58","2021-04-16 02:57:54",NULL
53,AC233FC09C39,NULL,20,NULL,"2021-04-16 02:58:38","0000-00-00 00:00:00",1,L2-RM-22,"2021-04-15 09:31:58","2021-04-16 02:58:38",NULL
54,AC233FC09C3A,NULL,20,NULL,"2021-04-16 02:59:00","0000-00-00 00:00:00",1,L2-RM-23,"2021-04-15 09:31:58","2021-04-16 02:59:00",NULL
55,AC233FC09C3B,NULL,20,NULL,"2021-04-16 02:59:11","0000-00-00 00:00:00",1,L2-RM-24,"2021-04-15 09:31:58","2021-04-16 02:59:11",NULL
56,AC233FC09C3C,NULL,21,NULL,"2021-04-16 02:59:34","0000-00-00 00:00:00",1,L2-RT-05,"2021-04-15 09:31:58","2021-04-16 02:59:34",NULL
57,AC233FC09C3D,NULL,21,NULL,"2021-04-16 02:59:46","0000-00-00 00:00:00",1,L2-RT-06,"2021-04-15 09:31:58","2021-04-16 02:59:46",NULL
58,AC233FC09C3E,NULL,22,NULL,"2021-04-16 03:00:28","0000-00-00 00:00:00",1,L2-RM-31,"2021-04-15 09:31:58","2021-04-16 03:00:28",NULL
59,AC233FC09C3F,NULL,22,NULL,"2021-04-16 03:01:05","0000-00-00 00:00:00",1,L2-RM-32,"2021-04-15 09:31:58","2021-04-16 03:01:05",NULL
60,AC233FC09C40,NULL,22,NULL,"2021-04-16 03:01:27","0000-00-00 00:00:00",1,L2-RM-33,"2021-04-15 09:31:58","2021-04-16 03:01:27",NULL
61,AC233FC09C41,NULL,22,NULL,"2021-04-16 03:01:41","0000-00-00 00:00:00",1,L2-RM-34,"2021-04-15 09:31:58","2021-04-16 03:01:41",NULL
62,AC233FC09C42,NULL,23,NULL,"2021-04-16 03:02:19","0000-00-00 00:00:00",1,L2-RT-07,"2021-04-15 09:31:58","2021-04-16 03:02:19",NULL
63,AC233FC09C43,NULL,23,NULL,"2021-04-16 03:02:30","0000-00-00 00:00:00",1,L2-RT-08,"2021-04-15 09:31:58","2021-04-16 03:02:30",NULL
64,AC233FC09C44,NULL,24,NULL,"2021-04-16 03:03:04","0000-00-00 00:00:00",1,L2-RM-41,"2021-04-15 09:31:58","2021-04-16 03:03:04",NULL
65,AC233FC09C45,NULL,24,NULL,"2021-04-16 03:03:19","0000-00-00 00:00:00",1,L2-RM-42,"2021-04-15 09:31:58","2021-04-16 03:03:19",NULL
66,AC233FC09C46,NULL,24,NULL,"2021-04-16 03:03:54","0000-00-00 00:00:00",1,L2-RM-43,"2021-04-15 09:31:58","2021-04-16 03:03:54",NULL
67,AC233FC09C47,NULL,24,NULL,"2021-04-16 03:04:06","0000-00-00 00:00:00",1,L2-RM-44,"2021-04-15 09:31:58","2021-04-16 03:04:06",NULL
68,AC233FC09C48,NULL,25,NULL,"2021-04-16 03:04:29","0000-00-00 00:00:00",1,L2-RT-09,"2021-04-15 09:31:58","2021-04-16 03:04:29",NULL
69,AC233FC09C49,NULL,25,NULL,"2021-04-16 03:04:39","0000-00-00 00:00:00",1,L2-RT-10,"2021-04-15 09:31:58","2021-04-16 03:04:39",NULL
70,AC233FC09C4A,NULL,26,NULL,"2021-04-16 03:05:11","0000-00-00 00:00:00",1,L2-RM-51,"2021-04-15 09:31:58","2021-04-16 03:05:11",NULL
71,AC233FC09C4B,NULL,26,NULL,"2021-04-16 03:05:26","0000-00-00 00:00:00",1,L2-RM-52,"2021-04-15 09:31:58","2021-04-16 03:05:26",NULL
72,AC233FC09C4C,NULL,26,NULL,"2021-04-16 03:05:39","0000-00-00 00:00:00",1,L2-RM-53,"2021-04-15 09:31:58","2021-04-16 03:05:39",NULL
73,AC233FC09C4D,NULL,26,NULL,"2021-04-16 03:05:50","0000-00-00 00:00:00",1,L2-RM-54,"2021-04-15 09:31:58","2021-04-16 03:05:50",NULL
74,AC233FC09C4E,NULL,27,NULL,"2021-04-16 03:06:08","0000-00-00 00:00:00",1,L2-RT-11,"2021-04-15 09:31:58","2021-04-16 03:06:08",NULL
75,AC233FC09C4F,NULL,27,NULL,"2021-04-16 03:06:20","0000-00-00 00:00:00",1,L2-RT-12,"2021-04-15 09:31:58","2021-04-16 03:06:20",NULL
76,AC233FC09C50,NULL,28,NULL,"2021-04-16 03:06:38","0000-00-00 00:00:00",1,L2-RM-61,"2021-04-15 09:31:58","2021-04-16 03:06:38",NULL
77,AC233FC09C51,NULL,28,NULL,"2021-04-16 03:06:58","0000-00-00 00:00:00",1,L2-RM-62,"2021-04-15 09:31:58","2021-04-16 03:06:58",NULL
78,AC233FC09C52,NULL,28,NULL,"2021-04-16 03:07:18","0000-00-00 00:00:00",1,L2-RM-63,"2021-04-15 09:31:58","2021-04-16 03:07:18",NULL
79,AC233FC09C53,NULL,28,NULL,"2021-04-16 03:07:31","0000-00-00 00:00:00",1,L2-RM-64,"2021-04-15 09:31:58","2021-04-16 03:07:31",NULL
80,AC233FC09C54,NULL,29,NULL,"2021-04-16 03:07:56","0000-00-00 00:00:00",1,L2-CA-21,"2021-04-15 09:31:58","2021-04-16 03:07:56",NULL
81,AC233FC09C55,NULL,30,NULL,"2021-04-16 03:11:46","0000-00-00 00:00:00",1,L2-CA-22,"2021-04-15 09:31:58","2021-04-16 03:11:46",NULL
82,AC233FC09C56,NULL,42,NULL,"2021-04-16 03:15:03","0000-00-00 00:00:00",1,L2-CR-16,"2021-04-15 09:31:58","2021-04-16 03:15:03",NULL
83,AC233FC09C57,NULL,31,NULL,"2021-04-16 03:15:47","0000-00-00 00:00:00",1,L2-CA-23,"2021-04-15 09:31:58","2021-04-16 03:15:47",NULL
84,AC233FC09C58,NULL,32,NULL,"2021-04-16 03:16:14","0000-00-00 00:00:00",1,L2-CA-24,"2021-04-15 09:31:58","2021-04-16 03:16:14",NULL
85,AC233FC09C59,NULL,33,NULL,"2021-04-16 03:16:40","0000-00-00 00:00:00",1,L2-CA-25,"2021-04-15 09:31:58","2021-04-16 03:16:40",NULL
86,AC233FC09C5A,NULL,34,NULL,"2021-04-16 03:16:57","0000-00-00 00:00:00",1,L2-CA-26,"2021-04-15 09:31:58","2021-04-16 03:16:57",NULL
87,AC233FC09C5B,NULL,35,NULL,"2021-04-16 03:17:11","0000-00-00 00:00:00",1,L2-RT-13,"2021-04-15 09:31:58","2021-04-16 03:17:11",NULL
88,AC233FC09C5C,NULL,36,NULL,"2021-04-16 03:17:51","0000-00-00 00:00:00",1,L2-RM-101,"2021-04-15 09:31:58","2021-04-16 03:17:51",NULL
89,AC233FC09C5D,NULL,36,NULL,"2021-04-16 03:18:11","0000-00-00 00:00:00",1,L2-RM-102,"2021-04-15 09:31:58","2021-04-16 03:18:11",NULL
90,AC233FC09C5E,NULL,37,NULL,"2021-04-16 03:18:23","0000-00-00 00:00:00",1,L2-RT-14,"2021-04-15 09:31:58","2021-04-16 03:18:23",NULL
91,AC233FC09C5F,NULL,38,NULL,"2021-04-16 03:18:49","0000-00-00 00:00:00",1,L2-RM-103,"2021-04-15 09:31:58","2021-04-16 03:18:49",NULL
92,AC233FC09C60,NULL,38,NULL,"2021-04-16 03:19:02","0000-00-00 00:00:00",1,L2-RM-104,"2021-04-15 09:31:58","2021-04-16 03:19:02",NULL
93,AC233FC09C61,NULL,39,NULL,"2021-04-16 03:19:17","0000-00-00 00:00:00",1,L2-RT-15,"2021-04-15 09:31:58","2021-04-16 03:19:17",NULL
94,AC233FC09C62,NULL,40,NULL,"2021-04-16 03:20:27","0000-00-00 00:00:00",1,L2-CA-27,"2021-04-15 09:31:58","2021-04-16 03:20:27",NULL
95,AC233FC09C63,NULL,40,NULL,"2021-04-16 03:20:58","0000-00-00 00:00:00",1,L2-CA-28,"2021-04-15 09:31:58","2021-04-16 03:20:58",NULL
96,AC233FC09C64,NULL,40,NULL,"2021-04-16 03:21:22","0000-00-00 00:00:00",1,L2-CA-29,"2021-04-15 09:31:58","2021-04-16 03:21:22",NULL
97,AC233FC09C65,NULL,40,NULL,"2021-04-16 03:21:35","0000-00-00 00:00:00",1,L2-CA-30,"2021-04-15 09:31:58","2021-04-16 03:21:35",NULL
98,AC233FC09C66,NULL,41,NULL,"2021-04-16 03:22:29","0000-00-00 00:00:00",1,L2-CA-31,"2021-04-15 09:31:58","2021-04-16 03:22:29",NULL
99,AC233FC09C67,NULL,41,NULL,"2021-04-16 03:22:46","0000-00-00 00:00:00",1,L2-CA-32,"2021-04-15 09:31:58","2021-04-16 03:22:46",NULL
100,AC233FC09C68,NULL,41,NULL,"2021-04-16 03:23:07","0000-00-00 00:00:00",1,L2-CA-33,"2021-04-15 09:31:58","2021-04-16 03:23:07",NULL
101,AC233FC09C69,NULL,41,NULL,"2021-04-16 03:23:20","0000-00-00 00:00:00",1,L2-CA-34,"2021-04-15 09:31:58","2021-04-16 03:23:20",NULL
102,AC233FC09C6A,NULL,42,NULL,"2021-04-16 03:23:51","0000-00-00 00:00:00",1,L2-CR-01,"2021-04-15 09:31:58","2021-04-16 03:23:51",NULL
103,AC233FC09C6B,NULL,42,NULL,"2021-04-16 03:24:45","0000-00-00 00:00:00",1,L2-CR-02,"2021-04-15 09:31:58","2021-04-16 03:24:45",NULL
104,AC233FC09C6C,NULL,42,NULL,"2021-04-16 03:25:06","0000-00-00 00:00:00",1,L2-CR-03,"2021-04-15 09:31:58","2021-04-16 03:25:06",NULL
105,AC233FC09C6D,NULL,42,NULL,"2021-04-16 03:25:30","0000-00-00 00:00:00",1,L2-CR-04,"2021-04-15 09:31:58","2021-04-16 03:25:30",NULL
106,AC233FC09C6E,NULL,42,NULL,"2021-04-16 03:25:43","0000-00-00 00:00:00",1,L2-CR-05,"2021-04-15 09:31:58","2021-04-16 03:25:43",NULL
107,AC233FC09C6F,NULL,42,NULL,"2021-04-16 03:26:02","0000-00-00 00:00:00",1,L2-CR-06,"2021-04-15 09:31:58","2021-04-16 03:26:02",NULL
108,AC233FC09C70,NULL,42,NULL,"2021-04-16 03:26:25","0000-00-00 00:00:00",1,L2-CR-07,"2021-04-15 09:31:58","2021-04-16 03:26:25",NULL
109,AC233FC09C71,NULL,42,NULL,"2021-04-16 03:26:48","0000-00-00 00:00:00",1,L2-CR-08,"2021-04-15 09:31:58","2021-04-16 03:26:48",NULL
110,AC233FC09C72,NULL,42,NULL,"2021-04-16 03:27:18","0000-00-00 00:00:00",1,L2-CR-09,"2021-04-15 09:31:58","2021-04-16 03:27:18",NULL
111,AC233FC09C73,NULL,42,NULL,"2021-04-16 03:27:43","0000-00-00 00:00:00",1,L2-CR-10,"2021-04-15 09:31:58","2021-04-16 03:27:43",NULL
112,AC233FC09C74,NULL,42,NULL,"2021-04-16 03:28:03","0000-00-00 00:00:00",1,L2-CR-11,"2021-04-15 09:31:58","2021-04-16 03:28:03",NULL
113,AC233FC09C75,NULL,42,NULL,"2021-04-16 03:29:04","0000-00-00 00:00:00",1,L2-CR-12,"2021-04-15 09:31:58","2021-04-16 03:29:04",NULL
114,AC233FC09C76,NULL,42,NULL,"2021-04-16 03:29:24","0000-00-00 00:00:00",1,L2-CR-13,"2021-04-15 09:31:58","2021-04-16 03:29:24",NULL
115,AC233FC09C77,NULL,42,NULL,"2021-04-16 03:29:39","0000-00-00 00:00:00",1,L2-CR-14,"2021-04-15 09:31:58","2021-04-16 03:29:39",NULL
116,AC233FC09C78,NULL,42,NULL,"2021-04-16 03:30:02","0000-00-00 00:00:00",1,L2-CR-15,"2021-04-15 09:31:58","2021-04-16 03:30:02",NULL
117,AC233FC09C79,NULL,43,NULL,"2021-04-16 03:35:22","0000-00-00 00:00:00",1,L2-PT-01,"2021-04-15 09:31:58","2021-04-16 03:35:22",NULL
118,AC233FC09C7A,NULL,43,NULL,"2021-04-16 03:35:42","0000-00-00 00:00:00",1,L2-PT-02,"2021-04-15 09:31:58","2021-04-16 03:35:42",NULL
119,AC233FC09C7B,NULL,43,NULL,"2021-04-16 03:35:54","0000-00-00 00:00:00",1,L2-PT-03,"2021-04-15 09:31:58","2021-04-16 03:35:54",NULL
120,AC233FC09C7C,NULL,43,NULL,"2021-04-16 03:36:07","0000-00-00 00:00:00",1,L2-PT-04,"2021-04-15 09:31:58","2021-04-16 03:36:07",NULL
121,AC233FC09C7D,NULL,43,NULL,"2021-04-16 03:36:17","0000-00-00 00:00:00",1,L2-PT-05,"2021-04-15 09:31:58","2021-04-16 03:36:17",NULL
122,AC233FC09C7E,NULL,44,NULL,"2021-04-16 03:37:46","0000-00-00 00:00:00",1,L2-PT-06,"2021-04-15 09:31:58","2021-04-16 03:37:46",NULL
123,AC233FC09C7F,NULL,45,NULL,"2021-04-16 03:38:24","0000-00-00 00:00:00",1,L2-CA-35,"2021-04-15 09:31:58","2021-04-16 03:38:24",NULL
124,AC233FC09C80,NULL,45,NULL,"2021-04-16 03:38:47","0000-00-00 00:00:00",1,L2-CA-36,"2021-04-15 09:31:58","2021-04-16 03:38:47",NULL
125,AC233FC09C81,NULL,46,NULL,"2021-04-16 03:38:59","0000-00-00 00:00:00",1,L2-CA-37,"2021-04-15 09:31:58","2021-04-16 03:38:59",NULL
126,AC233FC09C82,NULL,47,NULL,"2021-04-16 05:35:56","0000-00-00 00:00:00",1,L3-RT-01,"2021-04-15 09:31:58","2021-04-16 05:35:56",NULL
127,AC233FC09C83,NULL,47,NULL,"2021-04-16 05:36:09","0000-00-00 00:00:00",1,L3-RT-02,"2021-04-15 09:31:58","2021-04-16 05:36:09",NULL
128,AC233FC09C84,NULL,48,NULL,"2021-04-16 05:36:39","0000-00-00 00:00:00",1,L3-RM-101,"2021-04-15 09:31:58","2021-04-16 05:36:39",NULL
129,AC233FC09C85,NULL,48,NULL,"2021-04-16 05:36:56","0000-00-00 00:00:00",1,L3-RM-102,"2021-04-15 09:31:58","2021-04-16 05:36:56",NULL
130,AC233FC09C86,NULL,48,NULL,"2021-04-16 05:37:12","0000-00-00 00:00:00",1,L3-RM-103,"2021-04-15 09:31:58","2021-04-16 05:37:12",NULL
131,AC233FC09C87,NULL,48,NULL,"2021-04-16 05:37:27","0000-00-00 00:00:00",1,L3-RM-104,"2021-04-15 09:31:58","2021-04-16 05:37:27",NULL
132,AC233FC09C88,NULL,49,NULL,"2021-04-16 06:07:10","0000-00-00 00:00:00",1,L3-RT-03,"2021-04-15 09:31:58","2021-04-16 06:07:10",NULL
133,AC233FC09C89,NULL,49,NULL,"2021-04-16 06:07:21","0000-00-00 00:00:00",1,L3-RT-04,"2021-04-15 09:31:58","2021-04-16 06:07:21",NULL
134,AC233FC09C8A,NULL,50,NULL,"2021-04-16 06:07:37","0000-00-00 00:00:00",1,L3-RM-201,"2021-04-15 09:31:58","2021-04-16 06:07:37",NULL
135,AC233FC09C8B,NULL,50,NULL,"2021-04-16 06:08:01","0000-00-00 00:00:00",1,L3-RM-202,"2021-04-15 09:31:58","2021-04-16 06:08:01",NULL
136,AC233FC09C8C,NULL,50,NULL,"2021-04-16 06:08:22","0000-00-00 00:00:00",1,L3-RM-203,"2021-04-15 09:31:58","2021-04-16 06:08:22",NULL
137,AC233FC09C8D,NULL,50,NULL,"2021-04-16 06:08:36","0000-00-00 00:00:00",1,L3-RM-204,"2021-04-15 09:31:58","2021-04-16 06:08:36",NULL
138,AC233FC09C8E,NULL,51,NULL,"2021-04-16 06:08:57","0000-00-00 00:00:00",1,L3-RT-05,"2021-04-15 09:31:58","2021-04-16 06:08:57",NULL
139,AC233FC09C8F,NULL,51,NULL,"2021-04-16 06:09:08","0000-00-00 00:00:00",1,L3-RT-06,"2021-04-15 09:31:58","2021-04-16 06:09:08",NULL
140,AC233FC09C90,NULL,52,NULL,"2021-04-16 06:09:29","0000-00-00 00:00:00",1,L3-RM-301,"2021-04-15 09:31:58","2021-04-16 06:09:29",NULL
141,AC233FC09C91,NULL,52,NULL,"2021-04-16 06:09:42","0000-00-00 00:00:00",1,L3-RM-302,"2021-04-15 09:31:58","2021-04-16 06:09:42",NULL
142,AC233FC09C92,NULL,52,NULL,"2021-04-16 06:09:59","0000-00-00 00:00:00",1,L3-RM-303,"2021-04-15 09:31:58","2021-04-16 06:09:59",NULL
143,AC233FC09C93,NULL,52,NULL,"2021-04-16 06:10:13","0000-00-00 00:00:00",1,L3-RM-304,"2021-04-15 09:31:58","2021-04-16 06:10:13",NULL
144,AC233FC09C94,NULL,53,NULL,"2021-04-16 06:10:44","0000-00-00 00:00:00",1,L3-RT-07,"2021-04-15 09:31:58","2021-04-16 06:10:44",NULL
145,AC233FC09C95,NULL,53,NULL,"2021-04-16 06:10:56","0000-00-00 00:00:00",1,L3-RT-08,"2021-04-15 09:31:58","2021-04-16 06:10:56",NULL
146,AC233FC09C96,NULL,54,NULL,"2021-04-16 06:11:18","0000-00-00 00:00:00",1,L3-RM-401,"2021-04-15 09:31:58","2021-04-16 06:11:18",NULL
147,AC233FC09C97,NULL,54,NULL,"2021-04-16 06:11:38","0000-00-00 00:00:00",1,L3-RM-402,"2021-04-15 09:31:58","2021-04-16 06:11:38",NULL
148,AC233FC09C98,NULL,54,NULL,"2021-04-16 06:11:51","0000-00-00 00:00:00",1,L3-RM-403,"2021-04-15 09:31:58","2021-04-16 06:11:51",NULL
149,AC233FC09C99,NULL,54,NULL,"2021-04-16 06:12:03","0000-00-00 00:00:00",1,L3-RM-404,"2021-04-15 09:31:58","2021-04-16 06:12:03",NULL
150,AC233FC09C9A,NULL,55,NULL,"2021-04-16 06:12:17","0000-00-00 00:00:00",1,L3-RT-09,"2021-04-15 09:31:58","2021-04-16 06:12:17",NULL
151,AC233FC09C9B,NULL,55,NULL,"2021-04-16 06:12:28","0000-00-00 00:00:00",1,L3-RT-10,"2021-04-15 09:31:58","2021-04-16 06:12:28",NULL
152,AC233FC09C9C,NULL,56,NULL,"2021-04-16 06:12:49","0000-00-00 00:00:00",1,L3-RM-501,"2021-04-15 09:31:58","2021-04-16 06:12:49",NULL
153,AC233FC09C9D,NULL,56,NULL,"2021-04-16 06:13:05","0000-00-00 00:00:00",1,L3-RM-502,"2021-04-15 09:31:58","2021-04-16 06:13:05",NULL
154,AC233FC09C9E,NULL,56,NULL,"2021-04-16 06:13:19","0000-00-00 00:00:00",1,L3-RM-503,"2021-04-15 09:31:58","2021-04-16 06:13:19",NULL
155,AC233FC09C9F,NULL,56,NULL,"2021-04-16 06:13:36","0000-00-00 00:00:00",1,L3-RM-504,"2021-04-15 09:31:58","2021-04-16 06:13:36",NULL
156,AC233FC09CA0,NULL,57,NULL,"2021-04-16 06:13:52","0000-00-00 00:00:00",1,L3-RT-11,"2021-04-15 09:31:58","2021-04-16 06:13:52",NULL
157,AC233FC09CA1,NULL,57,NULL,"2021-04-16 06:14:05","0000-00-00 00:00:00",1,L3-RT-12,"2021-04-15 09:31:58","2021-04-16 06:14:05",NULL
158,AC233FC09CA2,NULL,58,NULL,"2021-04-16 06:14:36","0000-00-00 00:00:00",1,L3-RM-601,"2021-04-15 09:31:58","2021-04-16 06:14:36",NULL
159,AC233FC09CA3,NULL,58,NULL,"2021-04-16 06:14:56","0000-00-00 00:00:00",1,L3-RM-602,"2021-04-15 09:31:58","2021-04-16 06:14:56",NULL
160,AC233FC09CA4,NULL,58,NULL,"2021-04-16 06:15:11","0000-00-00 00:00:00",1,L3-RM-603,"2021-04-15 09:31:58","2021-04-16 06:15:11",NULL
161,AC233FC09CA5,NULL,58,NULL,"2021-04-16 06:15:24","0000-00-00 00:00:00",1,L3-RM-604,"2021-04-15 09:31:58","2021-04-16 06:15:24",NULL
162,AC233FC09CA6,NULL,59,NULL,"2021-04-16 06:15:58","0000-00-00 00:00:00",1,L3-RT-13,"2021-04-15 09:31:58","2021-04-16 06:15:58",NULL
163,AC233FC09CA7,NULL,59,NULL,"2021-04-16 06:16:09","0000-00-00 00:00:00",1,L3-RT-14,"2021-04-15 09:31:58","2021-04-16 06:16:09",NULL
164,AC233FC09CA8,NULL,60,NULL,"2021-04-16 06:16:31","0000-00-00 00:00:00",1,L3-RM-701,"2021-04-15 09:31:58","2021-04-16 06:16:31",NULL
165,AC233FC09CA9,NULL,60,NULL,"2021-04-16 06:16:50","0000-00-00 00:00:00",1,L3-RM-702,"2021-04-15 09:31:58","2021-04-16 06:16:50",NULL
166,AC233FC09CAA,NULL,60,NULL,"2021-04-16 06:17:08","0000-00-00 00:00:00",1,L3-RM-703,"2021-04-15 09:31:58","2021-04-16 06:17:08",NULL
167,AC233FC09CAB,NULL,60,NULL,"2021-04-16 06:17:21","0000-00-00 00:00:00",1,L3-RM-704,"2021-04-15 09:31:58","2021-04-16 06:17:21",NULL
168,AC233FC09CAC,NULL,61,NULL,"2021-04-16 06:17:36","0000-00-00 00:00:00",1,L3-RT-15,"2021-04-15 09:31:58","2021-04-16 06:17:36",NULL
169,AC233FC09CAD,NULL,61,NULL,"2021-04-16 06:17:51","0000-00-00 00:00:00",1,L3-RT-16,"2021-04-15 09:31:58","2021-04-16 06:17:51",NULL
170,AC233FC09CAE,NULL,62,NULL,"2021-04-16 06:18:06","0000-00-00 00:00:00",1,L3-RM-801,"2021-04-15 09:31:58","2021-04-16 06:18:06",NULL
171,AC233FC09CAF,NULL,62,NULL,"2021-04-16 06:18:18","0000-00-00 00:00:00",1,L3-RM-802,"2021-04-15 09:31:58","2021-04-16 06:18:18",NULL
172,AC233FC09CB0,NULL,62,NULL,"2021-04-16 06:18:38","0000-00-00 00:00:00",1,L3-RM-803,"2021-04-15 09:31:58","2021-04-16 06:18:38",NULL
173,AC233FC09CB1,NULL,62,NULL,"2021-04-16 06:18:49","0000-00-00 00:00:00",1,L3-RM-804,"2021-04-15 09:31:58","2021-04-16 06:18:49",NULL
174,AC233FC09CB2,NULL,63,NULL,"2021-04-16 06:19:04","0000-00-00 00:00:00",1,L3-RT-17,"2021-04-15 09:31:58","2021-04-16 06:19:04",NULL
175,AC233FC09CB3,NULL,63,NULL,"2021-04-16 06:19:14","0000-00-00 00:00:00",1,L3-RT-18,"2021-04-15 09:31:58","2021-04-16 06:19:14",NULL
176,AC233FC09CB4,NULL,64,NULL,"2021-04-16 06:19:29","0000-00-00 00:00:00",1,L3-RM-901,"2021-04-15 09:31:58","2021-04-16 06:19:29",NULL
177,AC233FC09CB5,NULL,64,NULL,"2021-04-16 06:19:43","0000-00-00 00:00:00",1,L3-RM-902,"2021-04-15 09:31:58","2021-04-16 06:19:43",NULL
178,AC233FC09CB6,NULL,64,NULL,"2021-04-16 06:19:58","0000-00-00 00:00:00",1,L3-RM-903,"2021-04-15 09:31:58","2021-04-16 06:19:58",NULL
179,AC233FC09CB7,NULL,64,NULL,"2021-04-16 06:20:10","0000-00-00 00:00:00",1,L3-RM-904,"2021-04-15 09:31:58","2021-04-16 06:20:10",NULL
180,AC233FC09CB8,NULL,65,NULL,"2021-04-16 06:20:34","0000-00-00 00:00:00",1,L3-RT-19,"2021-04-15 09:31:58","2021-04-16 06:20:34",NULL
181,AC233FC09CB9,NULL,65,NULL,"2021-04-16 06:20:45","0000-00-00 00:00:00",1,L3-RT-20,"2021-04-15 09:31:58","2021-04-16 06:20:45",NULL
182,AC233FC09CBA,NULL,66,NULL,"2021-04-16 06:21:04","0000-00-00 00:00:00",1,L3-RM-1001,"2021-04-15 09:31:58","2021-04-16 06:21:04",NULL
183,AC233FC09CBB,NULL,66,NULL,"2021-04-16 06:21:17","0000-00-00 00:00:00",1,L3-RM-1002,"2021-04-15 09:31:58","2021-04-16 06:21:17",NULL
184,AC233FC09CBC,NULL,66,NULL,"2021-04-16 06:21:35","0000-00-00 00:00:00",1,L3-RM-1003,"2021-04-15 09:31:58","2021-04-16 06:21:35",NULL
185,AC233FC09CBD,NULL,66,NULL,"2021-04-16 06:21:47","0000-00-00 00:00:00",1,L3-RM-1004,"2021-04-15 09:31:58","2021-04-16 06:21:47",NULL
186,AC233FC09CBE,NULL,67,NULL,"2021-04-16 06:22:05","0000-00-00 00:00:00",1,L3-RT-21,"2021-04-15 09:31:58","2021-04-16 06:22:05",NULL
187,AC233FC09CBF,NULL,67,NULL,"2021-04-16 06:22:15","0000-00-00 00:00:00",1,L3-RT-22,"2021-04-15 09:31:58","2021-04-16 06:22:15",NULL
188,AC233FC09CC0,NULL,68,NULL,"2021-04-16 06:22:29","0000-00-00 00:00:00",1,L3-RM-1101,"2021-04-15 09:31:58","2021-04-16 06:22:29",NULL
189,AC233FC09CC1,NULL,68,NULL,"2021-04-16 06:22:41","0000-00-00 00:00:00",1,L3-RM-1102,"2021-04-15 09:31:58","2021-04-16 06:22:41",NULL
190,AC233FC09CC2,NULL,68,NULL,"2021-04-16 06:22:54","0000-00-00 00:00:00",1,L3-RM-1103,"2021-04-15 09:31:58","2021-04-16 06:22:54",NULL
191,AC233FC09CC3,NULL,68,NULL,"2021-04-16 06:23:10","0000-00-00 00:00:00",1,L3-RM-1104,"2021-04-15 09:31:58","2021-04-16 06:23:10",NULL
192,AC233FC09CC4,NULL,69,NULL,"2021-04-16 06:23:25","0000-00-00 00:00:00",1,L3-RT-23,"2021-04-15 09:31:58","2021-04-16 06:23:25",NULL
193,AC233FC09CC5,NULL,69,NULL,"2021-04-16 06:23:35","0000-00-00 00:00:00",1,L3-RT-24,"2021-04-15 09:31:58","2021-04-16 06:23:35",NULL
194,AC233FC09CC6,NULL,70,NULL,"2021-04-16 06:23:55","0000-00-00 00:00:00",1,L3-RM-1201,"2021-04-15 09:31:58","2021-04-16 06:23:55",NULL
195,AC233FC09CC7,NULL,70,NULL,"2021-04-16 06:24:09","0000-00-00 00:00:00",1,L3-RM-1202,"2021-04-15 09:31:58","2021-04-16 06:24:09",NULL
196,AC233FC09CC8,NULL,70,NULL,"2021-04-16 06:24:29","0000-00-00 00:00:00",1,L3-RM-1203,"2021-04-15 09:31:58","2021-04-16 06:24:29",NULL
197,AC233FC09CC9,NULL,70,NULL,"2021-04-16 06:24:40","0000-00-00 00:00:00",1,L3-RM-1204,"2021-04-15 09:31:58","2021-04-16 06:24:40",NULL
198,AC233FC09CCA,NULL,71,NULL,"2021-04-16 06:25:11","0000-00-00 00:00:00",1,L3-CR-01,"2021-04-15 09:31:58","2021-04-16 06:25:11",NULL
199,AC233FC09CCB,NULL,71,NULL,"2021-04-16 06:25:48","0000-00-00 00:00:00",1,L3-CR-02,"2021-04-15 09:31:58","2021-04-16 06:25:48",NULL
200,AC233FC09CCC,NULL,71,NULL,"2021-04-16 06:26:28","0000-00-00 00:00:00",1,L3-CR-03,"2021-04-15 09:31:58","2021-04-16 06:26:28",NULL
201,AC233FC09CCD,NULL,71,NULL,"2021-04-16 06:28:01","0000-00-00 00:00:00",1,L3-CR-04,"2021-04-15 09:31:58","2021-04-16 06:28:01",NULL
202,AC233FC09CCE,NULL,71,NULL,"2021-04-16 06:28:22","0000-00-00 00:00:00",1,L3-CR-05,"2021-04-15 09:31:58","2021-04-16 06:28:22",NULL
203,AC233FC09CCF,NULL,71,NULL,"2021-04-16 06:28:40","0000-00-00 00:00:00",1,L3-CR-06,"2021-04-15 09:31:58","2021-04-16 06:28:40",NULL
204,AC233FC09CD0,NULL,71,NULL,"2021-04-16 06:29:44","0000-00-00 00:00:00",1,L3-CR-07,"2021-04-15 09:31:58","2021-04-16 06:29:44",NULL
205,AC233FC09CD1,NULL,71,NULL,"2021-04-16 06:30:07","0000-00-00 00:00:00",1,L3-CR-08,"2021-04-15 09:31:58","2021-04-16 06:30:07",NULL
206,AC233FC09CD2,NULL,71,NULL,"2021-04-16 06:31:42","0000-00-00 00:00:00",1,L3-CR-09,"2021-04-15 09:31:58","2021-04-16 06:31:42",NULL
207,AC233FC09CD3,NULL,71,NULL,"2021-04-16 06:32:24","0000-00-00 00:00:00",1,L3-CR-10,"2021-04-15 09:31:58","2021-04-16 06:32:24",NULL
208,AC233FC09CD4,NULL,71,NULL,"2021-04-16 06:32:53","0000-00-00 00:00:00",1,L3-CR-11,"2021-04-15 09:31:58","2021-04-16 06:32:53",NULL
209,AC233FC09CD5,NULL,71,NULL,"2021-04-16 06:33:20","0000-00-00 00:00:00",1,L3-CR-12,"2021-04-15 09:31:58","2021-04-16 06:33:20",NULL
210,AC233FC09CD6,NULL,71,NULL,"2021-04-16 06:33:37","0000-00-00 00:00:00",1,L3-CR-13,"2021-04-15 09:31:58","2021-04-16 06:33:37",NULL
211,AC233FC09CD7,NULL,71,NULL,"2021-04-16 06:33:56","0000-00-00 00:00:00",1,L3-CR-14,"2021-04-15 09:31:58","2021-04-16 06:33:56",NULL
212,AC233FC09CD8,NULL,72,NULL,"2021-04-16 06:34:29","0000-00-00 00:00:00",1,L3-CA-01,"2021-04-15 09:31:58","2021-04-16 06:34:29",NULL
213,AC233FC09CD9,NULL,72,NULL,"2021-04-16 06:34:43","0000-00-00 00:00:00",1,L3-CA-02,"2021-04-15 09:31:58","2021-04-16 06:34:43",NULL
214,AC233FC09CDA,NULL,72,NULL,"2021-04-16 06:35:18","0000-00-00 00:00:00",1,L3-CA-03,"2021-04-15 09:31:58","2021-04-16 06:35:18",NULL
215,AC233FC09CDB,NULL,72,NULL,"2021-04-16 06:36:36","0000-00-00 00:00:00",1,L3-CA-04,"2021-04-15 09:31:58","2021-04-16 06:36:36",NULL
216,AC233FC09CDC,NULL,75,NULL,"2021-04-16 06:35:46","0000-00-00 00:00:00",1,L3-CA-05,"2021-04-15 09:31:58","2021-04-16 06:35:46",NULL
217,AC233FC09CDD,NULL,73,NULL,"2021-04-16 06:39:04","0000-00-00 00:00:00",1,L3-CA-06,"2021-04-15 09:31:58","2021-04-16 06:39:04",NULL
218,AC233FC09CDE,NULL,74,NULL,"2021-04-16 06:39:31","0000-00-00 00:00:00",1,L3-CA-07,"2021-04-15 09:31:58","2021-04-16 06:39:31",NULL
219,AC233FC09CDF,NULL,76,NULL,"2021-04-16 06:41:33","0000-00-00 00:00:00",1,L3-PT-01,"2021-04-15 09:31:58","2021-04-16 06:41:33",NULL
220,AC233FC09CE0,NULL,77,NULL,"2021-04-16 06:51:49","0000-00-00 00:00:00",1,L4-RT-01,"2021-04-15 09:31:58","2021-04-16 06:51:49",NULL
221,AC233FC09CE1,NULL,77,NULL,"2021-04-16 06:52:04","0000-00-00 00:00:00",1,L4-RT-02,"2021-04-15 09:31:58","2021-04-16 06:52:04",NULL
222,AC233FC09CE2,NULL,78,NULL,"2021-04-16 06:52:24","0000-00-00 00:00:00",1,L4-RM-101,"2021-04-15 09:31:58","2021-04-16 06:52:24",NULL
223,AC233FC09CE3,NULL,78,NULL,"2021-04-16 06:52:43","0000-00-00 00:00:00",1,L4-RM-102,"2021-04-15 09:31:58","2021-04-16 06:52:43",NULL
224,AC233FC09CE4,NULL,78,NULL,"2021-04-16 06:52:59","0000-00-00 00:00:00",1,L4-RM-103,"2021-04-15 09:31:58","2021-04-16 06:52:59",NULL
225,AC233FC09CE5,NULL,78,NULL,"2021-04-16 06:53:10","0000-00-00 00:00:00",1,L4-RM-104,"2021-04-15 09:31:58","2021-04-16 06:53:10",NULL
226,AC233FC09CE6,NULL,79,NULL,"2021-04-16 06:53:25","0000-00-00 00:00:00",1,L4-RT-03,"2021-04-15 09:31:58","2021-04-16 06:53:25",NULL
227,AC233FC09CE7,NULL,79,NULL,"2021-04-16 06:53:34","0000-00-00 00:00:00",1,L4-RT-04,"2021-04-15 09:31:58","2021-04-16 06:53:34",NULL
228,AC233FC09CE8,NULL,80,NULL,"2021-04-16 06:53:48","0000-00-00 00:00:00",1,L4-RM-201,"2021-04-15 09:31:58","2021-04-16 06:53:48",NULL
229,AC233FC09CE9,NULL,80,NULL,"2021-04-16 06:54:05","0000-00-00 00:00:00",1,L4-RM-202,"2021-04-15 09:31:58","2021-04-16 06:54:05",NULL
230,AC233FC09CEA,NULL,80,NULL,"2021-04-16 06:54:18","0000-00-00 00:00:00",1,L4-RM-203,"2021-04-15 09:31:58","2021-04-16 06:54:18",NULL
231,AC233FC09CEB,NULL,80,NULL,"2021-04-16 06:54:41","0000-00-00 00:00:00",1,L4-RM-204,"2021-04-15 09:31:58","2021-04-16 06:54:41",NULL
232,AC233FC09CEC,NULL,81,NULL,"2021-04-16 06:54:57","0000-00-00 00:00:00",1,L4-RT-05,"2021-04-15 09:31:58","2021-04-16 06:54:57",NULL
233,AC233FC09CED,NULL,81,NULL,"2021-04-16 06:55:06","0000-00-00 00:00:00",1,L4-RT-06,"2021-04-15 09:31:58","2021-04-16 06:55:06",NULL
234,AC233FC09CEE,NULL,82,NULL,"2021-04-16 06:55:26","0000-00-00 00:00:00",1,L4-RM-301,"2021-04-15 09:31:58","2021-04-16 06:55:26",NULL
235,AC233FC09CEF,NULL,82,NULL,"2021-04-16 06:55:37","0000-00-00 00:00:00",1,L4-RM-302,"2021-04-15 09:31:58","2021-04-16 06:55:37",NULL
236,AC233FC09CF0,NULL,82,NULL,"2021-04-16 06:55:49","0000-00-00 00:00:00",1,L4-RM-303,"2021-04-15 09:31:58","2021-04-16 06:55:49",NULL
237,AC233FC09CF1,NULL,82,NULL,"2021-04-16 06:56:00","0000-00-00 00:00:00",1,L4-RM-304,"2021-04-15 09:31:58","2021-04-16 06:56:00",NULL
238,AC233FC09CF2,NULL,83,NULL,"2021-04-16 06:56:18","0000-00-00 00:00:00",1,L4-RT-07,"2021-04-15 09:31:58","2021-04-16 06:56:18",NULL
239,AC233FC09CF3,NULL,83,NULL,"2021-04-16 06:56:28","0000-00-00 00:00:00",1,L4-RT-08,"2021-04-15 09:31:58","2021-04-16 06:56:28",NULL
240,AC233FC09CF4,NULL,84,NULL,"2021-04-16 06:56:48","0000-00-00 00:00:00",1,L4-RM-401,"2021-04-15 09:31:58","2021-04-16 06:56:48",NULL
241,AC233FC09CF5,NULL,84,NULL,"2021-04-16 06:57:01","0000-00-00 00:00:00",1,L4-RM-402,"2021-04-15 09:31:58","2021-04-16 06:57:01",NULL
242,AC233FC09CF6,NULL,84,NULL,"2021-04-16 06:57:13","0000-00-00 00:00:00",1,L4-RM-403,"2021-04-15 09:31:58","2021-04-16 06:57:13",NULL
243,AC233FC09CF7,NULL,84,NULL,"2021-04-16 06:57:24","0000-00-00 00:00:00",1,L4-RM-404,"2021-04-15 09:31:58","2021-04-16 06:57:24",NULL
244,AC233FC09CF8,NULL,85,NULL,"2021-04-16 06:57:44","0000-00-00 00:00:00",1,L4-RT-09,"2021-04-15 09:31:58","2021-04-16 06:57:44",NULL
245,AC233FC09CF9,NULL,85,NULL,"2021-04-16 06:57:54","0000-00-00 00:00:00",1,L4-RT-10,"2021-04-15 09:31:58","2021-04-16 06:57:54",NULL
246,AC233FC09CFA,NULL,86,NULL,"2021-04-16 06:58:18","0000-00-00 00:00:00",1,L4-RM-501,"2021-04-15 09:31:58","2021-04-16 06:58:18",NULL
247,AC233FC09CFB,NULL,86,NULL,"2021-04-16 06:58:30","0000-00-00 00:00:00",1,L4-RM-502,"2021-04-15 09:31:58","2021-04-16 06:58:30",NULL
248,AC233FC09CFC,NULL,86,NULL,"2021-04-16 06:58:47","0000-00-00 00:00:00",1,L4-RM-503,"2021-04-15 09:31:58","2021-04-16 06:58:47",NULL
249,AC233FC09CFD,NULL,86,NULL,"2021-04-16 06:59:00","0000-00-00 00:00:00",1,L4-RM-504,"2021-04-15 09:31:58","2021-04-16 06:59:00",NULL
250,AC233FC09CFE,NULL,87,NULL,"2021-04-16 06:59:34","0000-00-00 00:00:00",1,L4-RT-11,"2021-04-15 09:31:58","2021-04-16 06:59:34",NULL
251,AC233FC09CFF,NULL,87,NULL,"2021-04-16 06:59:49","0000-00-00 00:00:00",1,L4-RT-12,"2021-04-15 09:31:58","2021-04-16 06:59:49",NULL
252,AC233FC09D00,NULL,88,NULL,"2021-04-16 07:00:05","0000-00-00 00:00:00",1,L4-RM-601,"2021-04-15 09:31:58","2021-04-16 07:00:05",NULL
253,AC233FC09D01,NULL,88,NULL,"2021-04-16 07:00:16","0000-00-00 00:00:00",1,L4-RM-602,"2021-04-15 09:31:58","2021-04-16 07:00:16",NULL
254,AC233FC09D02,NULL,88,NULL,"2021-04-16 07:00:30","0000-00-00 00:00:00",1,L4-RM-603,"2021-04-15 09:31:58","2021-04-16 07:00:30",NULL
255,AC233FC09D03,NULL,88,NULL,"2021-04-16 07:00:41","0000-00-00 00:00:00",1,L4-RM-604,"2021-04-15 09:31:58","2021-04-16 07:00:41",NULL
256,AC233FC09D04,NULL,89,NULL,"2021-04-16 07:01:10","0000-00-00 00:00:00",1,L4-RT-13,"2021-04-15 09:31:58","2021-04-16 07:01:10",NULL
257,AC233FC09D05,NULL,89,NULL,"2021-04-16 07:01:25","0000-00-00 00:00:00",1,L4-RT-14,"2021-04-15 09:31:58","2021-04-16 07:01:25",NULL
258,AC233FC09D06,NULL,90,NULL,"2021-04-16 07:01:50","0000-00-00 00:00:00",1,L4-RM-701,"2021-04-15 09:31:58","2021-04-16 07:01:50",NULL
259,AC233FC09D07,NULL,90,NULL,"2021-04-16 07:02:04","0000-00-00 00:00:00",1,L4-RM-702,"2021-04-15 09:31:58","2021-04-16 07:02:04",NULL
260,AC233FC09D08,NULL,90,NULL,"2021-04-16 07:02:33","0000-00-00 00:00:00",1,L4-RM-703,"2021-04-15 09:31:58","2021-04-16 07:02:33",NULL
261,AC233FC09D09,NULL,90,NULL,"2021-04-16 07:02:46","0000-00-00 00:00:00",1,L4-RM-704,"2021-04-15 09:31:58","2021-04-16 07:02:46",NULL
262,AC233FC09D0A,NULL,91,NULL,"2021-04-16 07:03:06","0000-00-00 00:00:00",1,L4-RT-15,"2021-04-15 09:31:58","2021-04-16 07:03:06",NULL
263,AC233FC09D0B,NULL,91,NULL,"2021-04-16 07:03:15","0000-00-00 00:00:00",1,L4-RT-16,"2021-04-15 09:31:58","2021-04-16 07:03:15",NULL
264,AC233FC09D0C,NULL,92,NULL,"2021-04-16 07:03:32","0000-00-00 00:00:00",1,L4-RM-801,"2021-04-15 09:31:58","2021-04-16 07:03:32",NULL
265,AC233FC09D0D,NULL,92,NULL,"2021-04-16 07:03:46","0000-00-00 00:00:00",1,L4-RM-802,"2021-04-15 09:31:58","2021-04-16 07:03:46",NULL
266,AC233FC09D0E,NULL,92,NULL,"2021-04-16 07:04:07","0000-00-00 00:00:00",1,L4-RM-803,"2021-04-15 09:31:58","2021-04-16 07:04:07",NULL
267,AC233FC09D0F,NULL,92,NULL,"2021-04-16 07:04:17","0000-00-00 00:00:00",1,L4-RM-804,"2021-04-15 09:31:58","2021-04-16 07:04:17",NULL
268,AC233FC09D10,NULL,93,NULL,"2021-04-16 07:10:42","0000-00-00 00:00:00",1,L4-RT-17,"2021-04-15 09:31:58","2021-04-16 07:10:42",NULL
269,AC233FC09D11,NULL,93,NULL,"2021-04-16 07:13:29","0000-00-00 00:00:00",1,L4-RT-18,"2021-04-15 09:31:58","2021-04-16 07:13:29",NULL
270,AC233FC09D12,NULL,94,NULL,"2021-04-16 07:13:52","0000-00-00 00:00:00",1,L4-RM-901,"2021-04-15 09:31:58","2021-04-16 07:13:52",NULL
271,AC233FC09D13,NULL,94,NULL,"2021-04-16 07:14:06","0000-00-00 00:00:00",1,L4-RM-902,"2021-04-15 09:31:58","2021-04-16 07:14:06",NULL
272,AC233FC09D14,NULL,94,NULL,"2021-04-16 07:14:20","0000-00-00 00:00:00",1,L4-RM-903,"2021-04-15 09:31:58","2021-04-16 07:14:20",NULL
273,AC233FC09D15,NULL,94,NULL,"2021-04-16 07:14:32","0000-00-00 00:00:00",1,L4-RM-904,"2021-04-15 09:31:58","2021-04-16 07:14:32",NULL
274,AC233FC09D16,NULL,95,NULL,"2021-04-16 07:14:55","0000-00-00 00:00:00",1,L4-RT-19,"2021-04-15 09:31:58","2021-04-16 07:14:55",NULL
275,AC233FC09D17,NULL,95,NULL,"2021-04-16 07:15:06","0000-00-00 00:00:00",1,L4-RT-20,"2021-04-15 09:31:58","2021-04-16 07:15:06",NULL
276,AC233FC09D18,NULL,96,NULL,"2021-04-16 07:15:25","0000-00-00 00:00:00",1,L4-RM-1001,"2021-04-15 09:31:58","2021-04-16 07:15:25",NULL
277,AC233FC09D19,NULL,96,NULL,"2021-04-16 07:15:37","0000-00-00 00:00:00",1,L4-RM-1002,"2021-04-15 09:31:58","2021-04-16 07:15:37",NULL
278,AC233FC09D1A,NULL,96,NULL,"2021-04-16 07:15:55","0000-00-00 00:00:00",1,L4-RM-1003,"2021-04-15 09:31:58","2021-04-16 07:15:55",NULL
279,AC233FC09D1B,NULL,96,NULL,"2021-04-16 07:16:11","0000-00-00 00:00:00",1,L4-RM-1004,"2021-04-15 09:31:58","2021-04-16 07:16:11",NULL
280,AC233FC09D1C,NULL,97,NULL,"2021-04-16 07:16:41","0000-00-00 00:00:00",1,L4-RT-21,"2021-04-15 09:31:58","2021-04-16 07:16:41",NULL
281,AC233FC09D1D,NULL,97,NULL,"2021-04-16 07:16:53","0000-00-00 00:00:00",1,L4-RT-22,"2021-04-15 09:31:58","2021-04-16 07:16:53",NULL
282,AC233FC09D1E,NULL,98,NULL,"2021-04-16 07:17:11","0000-00-00 00:00:00",1,L4-RM-1101,"2021-04-15 09:31:58","2021-04-16 07:17:11",NULL
283,AC233FC09D1F,NULL,98,NULL,"2021-04-16 07:17:23","0000-00-00 00:00:00",1,L4-RM-1102,"2021-04-15 09:31:58","2021-04-16 07:17:23",NULL
284,AC233FC09D20,NULL,98,NULL,"2021-04-16 07:17:38","0000-00-00 00:00:00",1,L4-RM-1103,"2021-04-15 09:31:58","2021-04-16 07:17:38",NULL
285,AC233FC09D21,NULL,98,NULL,"2021-04-16 07:17:52","0000-00-00 00:00:00",1,L4-RM-1104,"2021-04-15 09:31:58","2021-04-16 07:17:52",NULL
286,AC233FC09D22,NULL,99,NULL,"2021-04-16 07:18:08","0000-00-00 00:00:00",1,L4-RT-23,"2021-04-15 09:31:58","2021-04-16 07:18:08",NULL
287,AC233FC09D23,NULL,99,NULL,"2021-04-16 07:18:18","0000-00-00 00:00:00",1,L4-RT-24,"2021-04-15 09:31:58","2021-04-16 07:18:18",NULL
288,AC233FC09D24,NULL,100,NULL,"2021-04-16 07:18:43","0000-00-00 00:00:00",1,L4-RM-1201,"2021-04-15 09:31:58","2021-04-16 07:18:43",NULL
289,AC233FC09D25,NULL,100,NULL,"2021-04-16 07:18:55","0000-00-00 00:00:00",1,L4-RM-1202,"2021-04-15 09:31:58","2021-04-16 07:18:55",NULL
290,AC233FC09D26,NULL,100,NULL,"2021-04-16 07:19:09","0000-00-00 00:00:00",1,L4-RM-1203,"2021-04-15 09:31:58","2021-04-16 07:19:09",NULL
291,AC233FC09D27,NULL,100,NULL,"2021-04-16 07:19:20","0000-00-00 00:00:00",1,L4-RM-1204,"2021-04-15 09:31:58","2021-04-16 07:19:20",NULL
292,AC233FC09D28,NULL,101,NULL,"2021-04-16 07:19:55","0000-00-00 00:00:00",1,L4-CR-01,"2021-04-15 09:31:58","2021-04-16 07:19:55",NULL
293,AC233FC09D29,NULL,101,NULL,"2021-04-16 07:20:27","0000-00-00 00:00:00",1,L4-CR-02,"2021-04-15 09:31:58","2021-04-16 07:20:27",NULL
294,AC233FC09D2A,NULL,101,NULL,"2021-04-16 07:21:17","0000-00-00 00:00:00",1,L4-CR-03,"2021-04-15 09:31:58","2021-04-16 07:21:17",NULL
295,AC233FC09D2B,NULL,101,NULL,"2021-04-16 07:21:43","0000-00-00 00:00:00",1,L4-CR-04,"2021-04-15 09:31:58","2021-04-16 07:21:43",NULL
296,AC233FC09D2C,NULL,101,NULL,"2021-04-16 07:22:12","0000-00-00 00:00:00",1,L4-CR-05,"2021-04-15 09:31:58","2021-04-16 07:22:12",NULL
297,AC233FC09D2D,NULL,101,NULL,"2021-04-16 07:22:40","0000-00-00 00:00:00",1,L4-CR-06,"2021-04-15 09:31:58","2021-04-16 07:22:40",NULL
298,AC233FC09D2E,NULL,101,NULL,"2021-04-16 07:23:05","0000-00-00 00:00:00",1,L4-CR-07,"2021-04-15 09:31:58","2021-04-16 07:23:05",NULL
299,AC233FC09D2F,NULL,101,NULL,"2021-04-16 07:23:22","0000-00-00 00:00:00",1,L4-CR-08,"2021-04-15 09:31:58","2021-04-16 07:23:22",NULL
300,AC233FC09D30,NULL,101,NULL,"2021-04-16 07:23:37","0000-00-00 00:00:00",1,L4-CR-09,"2021-04-15 09:31:58","2021-04-16 07:23:37",NULL
301,AC233FC09D31,NULL,101,NULL,"2021-04-16 07:24:25","0000-00-00 00:00:00",1,L4-CR-10,"2021-04-15 09:31:58","2021-04-16 07:24:25",NULL
302,AC233FC09D32,NULL,101,NULL,"2021-04-16 07:24:57","0000-00-00 00:00:00",1,L4-CR-11,"2021-04-15 09:31:58","2021-04-16 07:24:57",NULL
303,AC233FC09D33,NULL,101,NULL,"2021-04-16 07:25:22","0000-00-00 00:00:00",1,L4-CR-12,"2021-04-15 09:31:58","2021-04-16 07:25:22",NULL
304,AC233FC09D34,NULL,101,NULL,"2021-04-16 07:25:43","0000-00-00 00:00:00",1,L4-CR-13,"2021-04-15 09:31:58","2021-04-16 07:25:43",NULL
305,AC233FC09D35,NULL,101,NULL,"2021-04-16 07:25:57","0000-00-00 00:00:00",1,L4-CR-14,"2021-04-15 09:31:58","2021-04-16 07:25:57",NULL
306,AC233FC09D36,NULL,101,NULL,"2021-04-16 07:27:12","0000-00-00 00:00:00",1,L4-CR-15,"2021-04-15 09:31:58","2021-04-16 07:27:12",NULL
307,AC233FC09D37,NULL,101,NULL,"2021-04-16 07:27:42","0000-00-00 00:00:00",1,L4-CR-16,"2021-04-15 09:31:58","2021-04-16 07:27:42",NULL
308,AC233FC09D38,NULL,102,NULL,"2021-04-16 07:28:16","0000-00-00 00:00:00",1,L4-CA-01,"2021-04-15 09:31:58","2021-04-16 07:28:16",NULL
309,AC233FC09D39,NULL,102,NULL,"2021-04-16 07:28:35","0000-00-00 00:00:00",1,L4-CA-02,"2021-04-15 09:31:58","2021-04-16 07:28:35",NULL
310,AC233FC09D3A,NULL,102,NULL,"2021-04-16 07:29:13","0000-00-00 00:00:00",1,L4-CA-03,"2021-04-15 09:31:58","2021-04-16 07:29:13",NULL
311,AC233FC09D3B,NULL,103,NULL,"2021-04-16 07:29:42","0000-00-00 00:00:00",1,L4-CA-04,"2021-04-15 09:31:58","2021-04-16 07:29:42",NULL
312,AC233FC09D3C,NULL,104,NULL,"2021-04-16 07:29:56","0000-00-00 00:00:00",1,L4-CA-05,"2021-04-15 09:31:58","2021-04-16 07:29:56",NULL
313,AC233FC09D3D,NULL,105,NULL,"2021-04-16 07:30:14","0000-00-00 00:00:00",1,L4-CA-06,"2021-04-15 09:31:58","2021-04-16 07:30:14",NULL
314,AC233FC09D3E,NULL,106,NULL,"2021-04-16 07:30:54","0000-00-00 00:00:00",1,L4-PT-01,"2021-04-15 09:31:58","2021-04-16 07:30:54",NULL
315,AC233FC09D3F,NULL,107,NULL,"2021-04-16 08:34:41","0000-00-00 00:00:00",1,L5-RT-01,"2021-04-15 09:31:58","2021-04-16 08:34:41",NULL
316,AC233FC09D40,NULL,107,NULL,"2021-04-16 08:31:38","0000-00-00 00:00:00",1,L5-RT-02,"2021-04-15 09:31:58","2021-04-16 08:31:38",NULL
317,AC233FC09D41,NULL,108,NULL,"2021-04-16 08:31:38","0000-00-00 00:00:00",1,L5-RM-101,"2021-04-15 09:31:58","2021-04-16 08:31:38",NULL
318,AC233FC09D42,NULL,108,NULL,"2021-04-16 08:31:38","0000-00-00 00:00:00",1,L5-RM-102,"2021-04-15 09:31:58","2021-04-16 08:31:38",NULL
319,AC233FC09D43,NULL,108,NULL,"2021-04-16 08:31:38","0000-00-00 00:00:00",1,L5-RM-103,"2021-04-15 09:31:58","2021-04-16 08:31:38",NULL
320,AC233FC09D44,NULL,108,NULL,"2021-04-16 08:31:38","0000-00-00 00:00:00",1,L5-RM-104,"2021-04-15 09:31:58","2021-04-16 08:31:38",NULL
321,AC233FC09D45,NULL,109,NULL,"2021-04-16 08:31:38","0000-00-00 00:00:00",1,L5-RT-03,"2021-04-15 09:31:58","2021-04-16 08:31:38",NULL
322,AC233FC09D46,NULL,109,NULL,"2021-04-16 08:31:38","0000-00-00 00:00:00",1,L5-RT-04,"2021-04-15 09:31:58","2021-04-16 08:31:38",NULL
323,AC233FC09D47,NULL,110,NULL,"2021-04-16 08:31:38","0000-00-00 00:00:00",1,L5-RM-201,"2021-04-15 09:31:58","2021-04-16 08:31:38",NULL
324,AC233FC09D48,NULL,110,NULL,"2021-04-16 08:31:38","0000-00-00 00:00:00",1,L5-RM-202,"2021-04-15 09:31:58","2021-04-16 08:31:38",NULL
325,AC233FC09D49,NULL,110,NULL,"2021-04-16 08:31:38","0000-00-00 00:00:00",1,L5-RM-203,"2021-04-15 09:31:58","2021-04-16 08:31:38",NULL
326,AC233FC09D4A,NULL,110,NULL,"2021-04-16 08:31:38","0000-00-00 00:00:00",1,L5-RM-204,"2021-04-15 09:31:58","2021-04-16 08:31:38",NULL
327,AC233FC09D4B,NULL,111,NULL,"2021-04-16 08:31:38","0000-00-00 00:00:00",1,L5-RT-05,"2021-04-15 09:31:58","2021-04-16 08:31:38",NULL
328,AC233FC09D4C,NULL,111,NULL,"2021-04-16 08:31:38","0000-00-00 00:00:00",1,L5-RT-06,"2021-04-15 09:31:58","2021-04-16 08:31:38",NULL
329,AC233FC09D4D,NULL,112,NULL,"2021-04-16 08:31:38","0000-00-00 00:00:00",1,L5-RM-301,"2021-04-15 09:31:58","2021-04-16 08:31:38",NULL
330,AC233FC09D4E,NULL,112,NULL,"2021-04-16 08:31:38","0000-00-00 00:00:00",1,L5-RM-302,"2021-04-15 09:31:58","2021-04-16 08:31:38",NULL
331,AC233FC09D4F,NULL,112,NULL,"2021-04-16 08:31:38","0000-00-00 00:00:00",1,L5-RM-303,"2021-04-15 09:31:58","2021-04-16 08:31:38",NULL
332,AC233FC09D50,NULL,112,NULL,"2021-04-16 08:31:38","0000-00-00 00:00:00",1,L5-RM-304,"2021-04-15 09:31:58","2021-04-16 08:31:38",NULL
333,AC233FC09D51,NULL,113,NULL,"2021-04-16 08:31:38","0000-00-00 00:00:00",1,L5-RT-07,"2021-04-15 09:31:58","2021-04-16 08:31:38",NULL
334,AC233FC09D52,NULL,113,NULL,"2021-04-16 08:31:38","0000-00-00 00:00:00",1,L5-RT-08,"2021-04-15 09:31:58","2021-04-16 08:31:38",NULL
335,AC233FC09D53,NULL,114,NULL,"2021-04-16 08:31:38","0000-00-00 00:00:00",1,L5-RM-401,"2021-04-15 09:31:58","2021-04-16 08:31:38",NULL
336,AC233FC09D54,NULL,114,NULL,"2021-04-16 08:31:38","0000-00-00 00:00:00",1,L5-RM-402,"2021-04-15 09:31:58","2021-04-16 08:31:38",NULL
337,AC233FC09D55,NULL,114,NULL,"2021-04-16 08:31:38","0000-00-00 00:00:00",1,L5-RM-403,"2021-04-15 09:31:58","2021-04-16 08:31:38",NULL
338,AC233FC09D56,NULL,114,NULL,"2021-04-16 08:31:38","0000-00-00 00:00:00",1,L5-RM-404,"2021-04-15 09:31:58","2021-04-16 08:31:38",NULL
339,AC233FC09D57,NULL,115,NULL,"2021-04-16 08:31:39","0000-00-00 00:00:00",1,L5-RT-09,"2021-04-15 09:31:58","2021-04-16 08:31:39",NULL
340,AC233FC09D58,NULL,115,NULL,"2021-04-16 08:31:39","0000-00-00 00:00:00",1,L5-RT-10,"2021-04-15 09:31:58","2021-04-16 08:31:39",NULL
341,AC233FC09D59,NULL,116,NULL,"2021-04-16 08:31:39","0000-00-00 00:00:00",1,L5-RM-501,"2021-04-15 09:31:58","2021-04-16 08:31:39",NULL
342,AC233FC09D5A,NULL,116,NULL,"2021-04-16 08:31:39","0000-00-00 00:00:00",1,L5-RM-502,"2021-04-15 09:31:58","2021-04-16 08:31:39",NULL
343,AC233FC09D5B,NULL,116,NULL,"2021-04-16 08:31:39","0000-00-00 00:00:00",1,L5-RM-503,"2021-04-15 09:31:58","2021-04-16 08:31:39",NULL
344,AC233FC09D5C,NULL,116,NULL,"2021-04-16 08:31:39","0000-00-00 00:00:00",1,L5-RM-504,"2021-04-15 09:31:58","2021-04-16 08:31:39",NULL
345,AC233FC09D5D,NULL,117,NULL,"2021-04-16 08:31:39","0000-00-00 00:00:00",1,L5-RT-11,"2021-04-15 09:31:58","2021-04-16 08:31:39",NULL
346,AC233FC09D5E,NULL,117,NULL,"2021-04-16 08:31:39","0000-00-00 00:00:00",1,L5-RT-12,"2021-04-15 09:31:58","2021-04-16 08:31:39",NULL
347,AC233FC09D5F,NULL,118,NULL,"2021-04-16 08:31:39","0000-00-00 00:00:00",1,L5-RM-601,"2021-04-15 09:31:58","2021-04-16 08:31:39",NULL
348,AC233FC09D60,NULL,118,NULL,"2021-04-16 08:31:39","0000-00-00 00:00:00",1,L5-RM-602,"2021-04-15 09:31:58","2021-04-16 08:31:39",NULL
349,AC233FC09D61,NULL,118,NULL,"2021-04-16 08:31:39","0000-00-00 00:00:00",1,L5-RM-603,"2021-04-15 09:31:58","2021-04-16 08:31:39",NULL
350,AC233FC09D62,NULL,118,NULL,"2021-04-16 08:31:39","0000-00-00 00:00:00",1,L5-RM-604,"2021-04-15 09:31:58","2021-04-16 08:31:39",NULL
351,AC233FC09D63,NULL,119,NULL,"2021-04-16 08:31:39","0000-00-00 00:00:00",1,L5-RT-13,"2021-04-15 09:31:58","2021-04-16 08:31:39",NULL
352,AC233FC09D64,NULL,119,NULL,"2021-04-16 08:31:39","0000-00-00 00:00:00",1,L5-RT-14,"2021-04-15 09:31:58","2021-04-16 08:31:39",NULL
353,AC233FC09D65,NULL,120,NULL,"2021-04-16 08:31:39","0000-00-00 00:00:00",1,L5-RM-701,"2021-04-15 09:31:58","2021-04-16 08:31:39",NULL
354,AC233FC09D66,NULL,120,NULL,"2021-04-16 08:31:39","0000-00-00 00:00:00",1,L5-RM-702,"2021-04-15 09:31:58","2021-04-16 08:31:39",NULL
355,AC233FC09D67,NULL,120,NULL,"2021-04-16 08:31:39","0000-00-00 00:00:00",1,L5-RM-703,"2021-04-15 09:31:58","2021-04-16 08:31:39",NULL
356,AC233FC09D68,NULL,120,NULL,"2021-04-16 08:31:39","0000-00-00 00:00:00",1,L5-RM-704,"2021-04-15 09:31:58","2021-04-16 08:31:39",NULL
357,AC233FC09D69,NULL,121,NULL,"2021-04-16 08:31:39","0000-00-00 00:00:00",1,L5-RT-15,"2021-04-15 09:31:58","2021-04-16 08:31:39",NULL
358,AC233FC09D6A,NULL,121,NULL,"2021-04-16 08:31:39","0000-00-00 00:00:00",1,L5-RT-16,"2021-04-15 09:31:58","2021-04-16 08:31:39",NULL
359,AC233FC09D6B,NULL,122,NULL,"2021-04-16 08:31:39","0000-00-00 00:00:00",1,L5-RM-801,"2021-04-15 09:31:58","2021-04-16 08:31:39",NULL
360,AC233FC09D6C,NULL,122,NULL,"2021-04-16 08:31:39","0000-00-00 00:00:00",1,L5-RM-802,"2021-04-15 09:31:58","2021-04-16 08:31:39",NULL
361,AC233FC09D6D,NULL,122,NULL,"2021-04-16 08:31:39","0000-00-00 00:00:00",1,L5-RM-803,"2021-04-15 09:31:58","2021-04-16 08:31:39",NULL
362,AC233FC09D6E,NULL,122,NULL,"2021-04-16 08:31:40","0000-00-00 00:00:00",1,L5-RM-804,"2021-04-15 09:31:58","2021-04-16 08:31:40",NULL
363,AC233FC09D6F,NULL,123,NULL,"2021-04-16 08:31:40","0000-00-00 00:00:00",1,L5-RT-17,"2021-04-15 09:31:58","2021-04-16 08:31:40",NULL
364,AC233FC09D70,NULL,123,NULL,"2021-04-16 08:31:40","0000-00-00 00:00:00",1,L5-RT-18,"2021-04-15 09:31:58","2021-04-16 08:31:40",NULL
365,AC233FC09D71,NULL,124,NULL,"2021-04-16 08:31:40","0000-00-00 00:00:00",1,L5-RM-901,"2021-04-15 09:31:58","2021-04-16 08:31:40",NULL
366,AC233FC09D72,NULL,124,NULL,"2021-04-16 08:31:40","0000-00-00 00:00:00",1,L5-RM-902,"2021-04-15 09:31:58","2021-04-16 08:31:40",NULL
367,AC233FC09D73,NULL,124,NULL,"2021-04-16 08:31:40","0000-00-00 00:00:00",1,L5-RM-903,"2021-04-15 09:31:58","2021-04-16 08:31:40",NULL
368,AC233FC09D74,NULL,124,NULL,"2021-04-16 08:31:40","0000-00-00 00:00:00",1,L5-RM-904,"2021-04-15 09:31:58","2021-04-16 08:31:40",NULL
369,AC233FC09D75,NULL,125,NULL,"2021-04-16 08:31:40","0000-00-00 00:00:00",1,L5-RM-1001,"2021-04-15 09:31:58","2021-04-16 08:31:40",NULL
370,AC233FC09D76,NULL,125,NULL,"2021-04-16 08:31:40","0000-00-00 00:00:00",1,L5-RM-1002,"2021-04-15 09:31:58","2021-04-16 08:31:40",NULL
371,AC233FC09D77,NULL,125,NULL,"2021-04-16 08:31:40","0000-00-00 00:00:00",1,L5-RM-1003,"2021-04-15 09:31:58","2021-04-16 08:31:40",NULL
372,AC233FC09D78,NULL,126,NULL,"2021-04-16 08:31:40","0000-00-00 00:00:00",1,L5-RM-1101,"2021-04-15 09:31:58","2021-04-16 08:31:40",NULL
373,AC233FC09D79,NULL,126,NULL,"2021-04-16 08:31:40","0000-00-00 00:00:00",1,L5-RM-1102,"2021-04-15 09:31:58","2021-04-16 08:31:40",NULL
374,AC233FC09D7A,NULL,126,NULL,"2021-04-16 08:31:40","0000-00-00 00:00:00",1,L5-RM-1103,"2021-04-15 09:31:58","2021-04-16 08:31:40",NULL
375,AC233FC09D7B,NULL,127,NULL,"2021-04-16 08:31:40","0000-00-00 00:00:00",1,L5-RT-19,"2021-04-15 09:31:58","2021-04-16 08:31:40",NULL
376,AC233FC09D7C,NULL,127,NULL,"2021-04-16 08:31:40","0000-00-00 00:00:00",1,L5-RT-20,"2021-04-15 09:31:58","2021-04-16 08:31:40",NULL
377,AC233FC09D7D,NULL,127,NULL,"2021-04-16 08:31:40","0000-00-00 00:00:00",1,L5-RT-21,"2021-04-15 09:31:58","2021-04-16 08:31:40",NULL
378,AC233FC09D7E,NULL,128,NULL,"2021-04-16 08:36:26","0000-00-00 00:00:00",1,L5-CR-01,"2021-04-15 09:31:58","2021-04-16 08:36:26",NULL
379,AC233FC09D7F,NULL,128,NULL,"2021-04-16 08:36:48","0000-00-00 00:00:00",1,L5-CR-02,"2021-04-15 09:31:58","2021-04-16 08:36:48",NULL
380,AC233FC09D80,NULL,128,NULL,"2021-04-16 08:37:01","0000-00-00 00:00:00",1,L5-CR-03,"2021-04-15 09:31:58","2021-04-16 08:37:01",NULL
381,AC233FC09D81,NULL,128,NULL,"2021-04-16 08:37:29","0000-00-00 00:00:00",1,L5-CR-04,"2021-04-15 09:31:58","2021-04-16 08:37:29",NULL
382,AC233FC09D82,NULL,128,NULL,"2021-04-16 08:37:51","0000-00-00 00:00:00",1,L5-CR-05,"2021-04-15 09:31:58","2021-04-16 08:37:51",NULL
383,AC233FC09D83,NULL,128,NULL,"2021-04-16 08:38:07","0000-00-00 00:00:00",1,L5-CR-06,"2021-04-15 09:31:58","2021-04-16 08:38:07",NULL
384,AC233FC09D84,NULL,128,NULL,"2021-04-16 08:38:22","0000-00-00 00:00:00",1,L5-CR-07,"2021-04-15 09:31:58","2021-04-16 08:38:22",NULL
385,AC233FC09D85,NULL,128,NULL,"2021-04-16 08:38:36","0000-00-00 00:00:00",1,L5-CR-08,"2021-04-15 09:31:58","2021-04-16 08:38:36",NULL
386,AC233FC09D86,NULL,128,NULL,"2021-04-16 08:39:09","0000-00-00 00:00:00",1,L5-CR-09,"2021-04-15 09:31:58","2021-04-16 08:39:09",NULL
387,AC233FC09D87,NULL,128,NULL,"2021-04-16 08:39:34","0000-00-00 00:00:00",1,L5-CR-10,"2021-04-15 09:31:58","2021-04-16 08:39:34",NULL
388,AC233FC09D88,NULL,128,NULL,"2021-04-16 08:40:42","0000-00-00 00:00:00",1,L5-CR-11,"2021-04-15 09:31:58","2021-04-16 08:40:42",NULL
389,AC233FC09D89,NULL,128,NULL,"2021-04-16 08:40:56","0000-00-00 00:00:00",1,L5-CR-12,"2021-04-15 09:31:58","2021-04-16 08:40:56",NULL
390,AC233FC09D8A,NULL,129,NULL,"2021-04-16 08:41:19","0000-00-00 00:00:00",1,L5-CA-01,"2021-04-15 09:31:58","2021-04-16 08:41:19",NULL
391,AC233FC09D8B,NULL,129,NULL,"2021-04-16 08:41:46","0000-00-00 00:00:00",1,L5-CA-02,"2021-04-15 09:31:58","2021-04-16 08:41:46",NULL
392,AC233FC09D8C,NULL,129,NULL,"2021-04-16 08:42:53","0000-00-00 00:00:00",1,L5-CA-03,"2021-04-15 09:31:58","2021-04-16 08:42:53",NULL
393,AC233FC09D8D,NULL,129,NULL,"2021-04-16 08:43:12","0000-00-00 00:00:00",1,L5-CA-04,"2021-04-15 09:31:58","2021-04-16 08:43:12",NULL
394,AC233FC09D8E,NULL,130,NULL,"2021-04-16 08:43:28","0000-00-00 00:00:00",1,L5-CA-05,"2021-04-15 09:31:58","2021-04-16 08:43:28",NULL
395,AC233FC09D8F,NULL,131,NULL,"2021-04-16 08:43:40","0000-00-00 00:00:00",1,L5-CA-06,"2021-04-15 09:31:58","2021-04-16 08:43:40",NULL
396,AC233FC09D90,NULL,132,NULL,"2021-04-16 08:44:03","0000-00-00 00:00:00",1,L5-CA-07,"2021-04-15 09:31:58","2021-04-16 08:44:03",NULL
397,AC233FC09D91,NULL,136,NULL,"2021-04-16 08:44:16","0000-00-00 00:00:00",1,L5-PT-01,"2021-04-15 09:31:58","2021-04-16 08:44:16",NULL
398,AC233FC09D92,NULL,133,NULL,"2021-04-16 08:45:21","0000-00-00 00:00:00",1,L6-CA-01,"2021-04-15 09:31:58","2021-04-16 08:45:21",NULL
399,AC233FC09D93,NULL,133,NULL,"2021-04-16 08:45:34","0000-00-00 00:00:00",1,L6-CA-02,"2021-04-15 09:31:58","2021-04-16 08:45:34",NULL
400,AC233FC09D94,NULL,135,NULL,"2021-04-16 08:46:00","0000-00-00 00:00:00",1,L6-CR-01,"2021-04-15 09:31:58","2021-04-16 08:46:00",NULL
401,AC233FC09D95,NULL,135,NULL,"2021-04-16 08:46:16","0000-00-00 00:00:00",1,L6-CR-02,"2021-04-15 09:31:58","2021-04-16 08:46:16",NULL
402,AC233FC09D96,NULL,135,NULL,"2021-04-16 08:46:48","0000-00-00 00:00:00",1,L6-CR-03,"2021-04-15 09:31:58","2021-04-16 08:46:48",NULL
403,AC233FC09D97,NULL,135,NULL,"2021-04-16 08:47:03","0000-00-00 00:00:00",1,L6-CR-04,"2021-04-15 09:31:58","2021-04-16 08:47:03",NULL
404,AC233FC09D98,NULL,134,NULL,"2021-04-16 08:47:14","0000-00-00 00:00:00",1,L6-PT-01,"2021-04-15 09:31:58","2021-04-16 08:47:14",NULL
405,AC233FC09D99,NULL,NULL,NULL,"2021-04-16 01:41:20","0000-00-00 00:00:00",0,NULL,"2021-04-15 09:31:58","2021-04-16 01:41:20",NULL
406,AC233FC09D9A,NULL,NULL,NULL,"2021-04-16 01:41:20","0000-00-00 00:00:00",0,NULL,"2021-04-15 09:31:58","2021-04-16 01:41:20",NULL
407,AC233FC09D9B,NULL,NULL,NULL,"2021-04-16 01:41:20","0000-00-00 00:00:00",0,NULL,"2021-04-15 09:31:58","2021-04-16 01:41:20",NULL
408,AC233FC09D9C,NULL,NULL,NULL,"2021-04-16 01:41:20","0000-00-00 00:00:00",0,NULL,"2021-04-15 09:31:58","2021-04-16 01:41:20",NULL
409,AC233FC09D9D,NULL,NULL,NULL,"2021-04-16 01:41:20","0000-00-00 00:00:00",0,NULL,"2021-04-15 09:31:58","2021-04-16 01:41:20",NULL
410,AC233FC09D9E,NULL,NULL,NULL,"2021-04-16 01:41:20","0000-00-00 00:00:00",0,NULL,"2021-04-15 09:31:58","2021-04-16 01:41:20",NULL
411,AC233FC09D9F,NULL,NULL,NULL,"2021-04-16 01:41:20","0000-00-00 00:00:00",0,NULL,"2021-04-15 09:31:58","2021-04-16 01:41:20",NULL
412,AC233FC09DA0,NULL,NULL,NULL,"2021-04-16 01:41:20","0000-00-00 00:00:00",0,NULL,"2021-04-15 09:31:58","2021-04-16 01:41:20",NULL
413,AC233FC09DA1,NULL,NULL,NULL,"2021-04-16 01:41:20","0000-00-00 00:00:00",0,NULL,"2021-04-15 09:31:58","2021-04-16 01:41:20",NULL
414,AC233FC09DA2,NULL,NULL,NULL,"2021-04-16 01:41:20","0000-00-00 00:00:00",0,NULL,"2021-04-15 09:31:58","2021-04-16 01:41:20",NULL
415,AC233FC09DA3,NULL,NULL,NULL,"2021-04-16 01:41:20","0000-00-00 00:00:00",0,NULL,"2021-04-15 09:31:58","2021-04-16 01:41:20",NULL
416,AC233FC09DA4,NULL,NULL,NULL,"2021-04-16 01:41:20","0000-00-00 00:00:00",0,NULL,"2021-04-15 09:31:58","2021-04-16 01:41:20",NULL
417,AC233FC09DA5,NULL,NULL,NULL,"2021-04-16 01:41:20","0000-00-00 00:00:00",0,NULL,"2021-04-15 09:31:58","2021-04-16 01:41:20",NULL
418,AC233FC09DA6,NULL,NULL,NULL,"2021-04-16 01:41:20","0000-00-00 00:00:00",0,NULL,"2021-04-15 09:31:58","2021-04-16 01:41:20",NULL
419,AC233FC09DA7,NULL,NULL,NULL,"2021-04-16 01:41:20","0000-00-00 00:00:00",0,NULL,"2021-04-15 09:31:58","2021-04-16 01:41:20",NULL
420,AC233FC09DA8,NULL,NULL,NULL,"2021-04-16 01:41:20","0000-00-00 00:00:00",0,NULL,"2021-04-15 09:31:58","2021-04-16 01:41:20",NULL
421,AC233FC09DA9,NULL,NULL,NULL,"2021-04-16 01:41:20","0000-00-00 00:00:00",0,NULL,"2021-04-15 09:31:58","2021-04-16 01:41:20",NULL
422,AC233FC09DAA,NULL,NULL,NULL,"2021-04-16 01:41:20","0000-00-00 00:00:00",0,NULL,"2021-04-15 09:31:58","2021-04-16 01:41:20",NULL
423,AC233FC09DAB,NULL,NULL,NULL,"2021-04-16 01:41:20","0000-00-00 00:00:00",0,NULL,"2021-04-15 09:31:58","2021-04-16 01:41:20",NULL
424,AC233FC09DAC,NULL,NULL,NULL,"2021-04-16 01:41:20","0000-00-00 00:00:00",0,NULL,"2021-04-15 09:31:58","2021-04-16 01:41:20",NULL
