-- phpMyAdmin SQL Dump
-- version 4.9.0.1
-- https://www.phpmyadmin.net/
--
-- Host: 127.0.0.1
-- Generation Time: Mar 16, 2021 at 04:51 AM
-- Server version: 10.4.6-MariaDB
-- PHP Version: 7.3.9

SET SQL_MODE = "NO_AUTO_VALUE_ON_ZERO";
SET AUTOCOMMIT = 0;
START TRANSACTION;
SET time_zone = "+00:00";


/*!40101 SET @OLD_CHARACTER_SET_CLIENT=@@CHARACTER_SET_CLIENT */;
/*!40101 SET @OLD_CHARACTER_SET_RESULTS=@@CHARACTER_SET_RESULTS */;
/*!40101 SET @OLD_COLLATION_CONNECTION=@@COLLATION_CONNECTION */;
/*!40101 SET NAMES utf8mb4 */;

--
-- Database: `localhsc`
--

-- --------------------------------------------------------

--
-- Table structure for table `activity_log_table`
--

CREATE TABLE `activity_log_table` (
  `log_id` bigint(20) UNSIGNED NOT NULL,
  `log_time` timestamp NOT NULL DEFAULT current_timestamp() ON UPDATE current_timestamp(),
  `gateway_id` bigint(20) UNSIGNED DEFAULT NULL,
  `beacon_id` bigint(20) UNSIGNED DEFAULT NULL,
  `rssi` bigint(20) DEFAULT NULL,
  `battery_level` float DEFAULT NULL,
  `x_value` float DEFAULT NULL,
  `y_value` float DEFAULT NULL,
  `z_value` float DEFAULT NULL,
  `rawData` varchar(50) DEFAULT NULL
) ENGINE=InnoDB DEFAULT CHARSET=latin1;

-- --------------------------------------------------------

--
-- Table structure for table `alerts_table`
--

CREATE TABLE `alerts_table` (
  `alert_id` bigint(20) NOT NULL,
  `beacon_id` bigint(20) UNSIGNED DEFAULT NULL,
  `occured_at` timestamp NOT NULL DEFAULT current_timestamp() ON UPDATE current_timestamp(),
  `resolved_at` timestamp NOT NULL DEFAULT current_timestamp() ON UPDATE current_timestamp(),
  `reader_id` bigint(20) UNSIGNED DEFAULT NULL,
  `rules_id` bigint(20) UNSIGNED DEFAULT NULL,
  `action` tinyint(1) DEFAULT NULL,
  `user_id` bigint(20) UNSIGNED DEFAULT NULL
) ENGINE=InnoDB DEFAULT CHARSET=latin1;

-- --------------------------------------------------------

--
-- Table structure for table `beacons_table`
--

CREATE TABLE `beacons_table` (
  `beacon_id` bigint(20) UNSIGNED NOT NULL,
  `beacon_type` int(10) UNSIGNED DEFAULT NULL,
  `beacon_mac` varchar(17) DEFAULT NULL,
  `current_loc` bigint(20) UNSIGNED DEFAULT NULL,
  `created_at` timestamp NOT NULL DEFAULT current_timestamp(),
  `updated_at` timestamp NULL DEFAULT NULL ON UPDATE current_timestamp()
) ENGINE=InnoDB DEFAULT CHARSET=latin1;

--
-- Dumping data for table `beacons_table`
--

INSERT INTO `beacons_table` (`beacon_id`, `beacon_type`, `beacon_mac`, `current_loc`, `created_at`, `updated_at`) VALUES
(1, 1, 'AC233FA8C304', NULL, '2021-03-16 03:42:44', '2021-03-16 03:44:05'),
(2, 1, 'AC233FA8C305', NULL, '2021-03-16 03:42:44', '2021-03-16 03:44:05'),
(3, 1, 'AC233FA8C302', NULL, '2021-03-16 03:42:44', '2021-03-16 03:44:05'),
(4, 1, 'AC233FA8C303', NULL, '2021-03-16 03:42:44', '2021-03-16 03:44:05'),
(5, 1, 'AC233FA8C30A', NULL, '2021-03-16 03:42:44', '2021-03-16 03:44:05'),
(6, 1, 'AC233FA8C307', NULL, '2021-03-16 03:42:44', '2021-03-16 03:44:05'),
(7, 1, 'AC233FA8C30F', NULL, '2021-03-16 03:42:44', '2021-03-16 03:44:05'),
(8, 1, 'AC233FA8C30D', NULL, '2021-03-16 03:42:44', '2021-03-16 03:44:05'),
(9, 1, 'AC233FA8C30C', NULL, '2021-03-16 03:42:44', '2021-03-16 03:44:05'),
(10, 1, 'AC233FA8C306', NULL, '2021-03-16 03:42:44', '2021-03-16 03:44:05'),
(11, 1, 'AC233FA8C309', NULL, '2021-03-16 03:42:44', '2021-03-16 03:44:05'),
(12, 1, 'AC233FA8C308', NULL, '2021-03-16 03:42:44', '2021-03-16 03:44:05'),
(13, 1, 'AC233FA8C30B', NULL, '2021-03-16 03:42:44', '2021-03-16 03:44:05'),
(14, 1, 'AC233FA8C30E', NULL, '2021-03-16 03:42:44', '2021-03-16 03:44:05'),
(15, 1, 'AC233FA8C300', NULL, '2021-03-16 03:42:44', '2021-03-16 03:44:05'),
(16, 1, 'AC233FA8C301', NULL, '2021-03-16 03:42:44', '2021-03-16 03:44:05'),
(17, 1, 'AC233FA8C31A', NULL, '2021-03-16 03:42:44', '2021-03-16 03:44:05'),
(18, 1, 'AC233FA8C319', NULL, '2021-03-16 03:42:44', '2021-03-16 03:44:05'),
(19, 1, 'AC233FA8C315', NULL, '2021-03-16 03:42:44', '2021-03-16 03:44:05'),
(20, 1, 'AC233FA8C31C', NULL, '2021-03-16 03:42:44', '2021-03-16 03:44:05'),
(21, 1, 'AC233FA8C311', NULL, '2021-03-16 03:42:44', '2021-03-16 03:44:05'),
(22, 1, 'AC233FA8C312', NULL, '2021-03-16 03:42:44', '2021-03-16 03:44:05'),
(23, 1, 'AC233FA8C314', NULL, '2021-03-16 03:42:44', '2021-03-16 03:44:05'),
(24, 1, 'AC233FA8C313', NULL, '2021-03-16 03:42:44', '2021-03-16 03:44:05'),
(25, 1, 'AC233FA8C31B', NULL, '2021-03-16 03:42:44', '2021-03-16 03:44:05'),
(26, 1, 'AC233FA8C310', NULL, '2021-03-16 03:42:44', '2021-03-16 03:44:05'),
(27, 1, 'AC233FA8C331', NULL, '2021-03-16 03:42:44', '2021-03-16 03:44:05'),
(28, 1, 'AC233FA8C31F', NULL, '2021-03-16 03:42:44', '2021-03-16 03:44:05'),
(29, 1, 'AC233FA8C31E', NULL, '2021-03-16 03:42:44', '2021-03-16 03:44:05'),
(30, 1, 'AC233FA8C31D', NULL, '2021-03-16 03:42:44', '2021-03-16 03:44:05'),
(31, 1, 'AC233FA8C318', NULL, '2021-03-16 03:42:44', '2021-03-16 03:44:05'),
(32, 1, 'AC233FA8C317', NULL, '2021-03-16 03:42:44', '2021-03-16 03:44:05'),
(33, 1, 'AC233FA8C316', NULL, '2021-03-16 03:42:44', '2021-03-16 03:44:05'),
(34, 1, 'AC233FA8C320', NULL, '2021-03-16 03:42:44', '2021-03-16 03:44:05'),
(35, 1, 'AC233FA8C324', NULL, '2021-03-16 03:42:44', '2021-03-16 03:44:05'),
(36, 1, 'AC233FA8C332', NULL, '2021-03-16 03:42:44', '2021-03-16 03:44:05'),
(37, 1, 'AC233FA8C327', NULL, '2021-03-16 03:42:44', '2021-03-16 03:44:05'),
(38, 1, 'AC233FA8C323', NULL, '2021-03-16 03:42:44', '2021-03-16 03:44:05'),
(39, 1, 'AC233FA8C329', NULL, '2021-03-16 03:42:44', '2021-03-16 03:44:05'),
(40, 1, 'AC233FA8C328', NULL, '2021-03-16 03:42:44', '2021-03-16 03:44:05'),
(41, 1, 'AC233FA8C321', NULL, '2021-03-16 03:42:44', '2021-03-16 03:44:05'),
(42, 1, 'AC233FA8C326', NULL, '2021-03-16 03:42:44', '2021-03-16 03:44:05'),
(43, 1, 'AC233FA8C32E', NULL, '2021-03-16 03:42:44', '2021-03-16 03:44:05'),
(44, 1, 'AC233FA8C32F', NULL, '2021-03-16 03:42:44', '2021-03-16 03:44:05'),
(45, 1, 'AC233FA8C32D', NULL, '2021-03-16 03:42:44', '2021-03-16 03:44:05'),
(46, 1, 'AC233FA8C322', NULL, '2021-03-16 03:42:44', '2021-03-16 03:44:05'),
(47, 1, 'AC233FA8C325', NULL, '2021-03-16 03:42:44', '2021-03-16 03:44:05'),
(48, 1, 'AC233FA8C32C', NULL, '2021-03-16 03:42:44', '2021-03-16 03:44:05'),
(49, 1, 'AC233FA8C32B', NULL, '2021-03-16 03:42:44', '2021-03-16 03:44:05'),
(50, 1, 'AC233FA8C32A', NULL, '2021-03-16 03:42:44', '2021-03-16 03:44:05'),
(51, 1, 'AC233FA8C33C', NULL, '2021-03-16 03:42:44', '2021-03-16 03:44:05'),
(52, 1, 'AC233FA8C33B', NULL, '2021-03-16 03:42:44', '2021-03-16 03:44:05'),
(53, 1, 'AC233FA8C33A', NULL, '2021-03-16 03:42:44', '2021-03-16 03:44:05'),
(54, 1, 'AC233FA8C335', NULL, '2021-03-16 03:42:44', '2021-03-16 03:44:05'),
(55, 1, 'AC233FA8C333', NULL, '2021-03-16 03:42:44', '2021-03-16 03:44:05'),
(56, 1, 'AC233FA8C336', NULL, '2021-03-16 03:42:44', '2021-03-16 03:44:05'),
(57, 1, 'AC233FA8C33F', NULL, '2021-03-16 03:42:44', '2021-03-16 03:44:05'),
(58, 1, 'AC233FA8C33D', NULL, '2021-03-16 03:42:44', '2021-03-16 03:44:05'),
(59, 1, 'AC233FA8C330', NULL, '2021-03-16 03:42:44', '2021-03-16 03:44:05'),
(60, 1, 'AC233FA8C337', NULL, '2021-03-16 03:42:44', '2021-03-16 03:44:05'),
(61, 1, 'AC233FA8C334', NULL, '2021-03-16 03:42:44', '2021-03-16 03:44:05'),
(62, 1, 'AC233FA8C339', NULL, '2021-03-16 03:42:44', '2021-03-16 03:44:05'),
(63, 1, 'AC233FA8C338', NULL, '2021-03-16 03:42:44', '2021-03-16 03:44:05'),
(64, 1, 'AC233FA8C33E', NULL, '2021-03-16 03:42:44', '2021-03-16 03:44:05'),
(65, 1, 'AC233FA8C342', NULL, '2021-03-16 03:42:44', '2021-03-16 03:44:05'),
(66, 1, 'AC233FA8C341', NULL, '2021-03-16 03:42:44', '2021-03-16 03:44:05'),
(67, 1, 'AC233FA8C340', NULL, '2021-03-16 03:42:44', '2021-03-16 03:44:05'),
(68, 1, 'AC233FA8C344', NULL, '2021-03-16 03:42:44', '2021-03-16 03:44:05'),
(69, 1, 'AC233FA8C348', NULL, '2021-03-16 03:42:44', '2021-03-16 03:44:05'),
(70, 1, 'AC233FA8C343', NULL, '2021-03-16 03:42:44', '2021-03-16 03:44:05'),
(71, 1, 'AC233FA8C349', NULL, '2021-03-16 03:42:44', '2021-03-16 03:44:05'),
(72, 1, 'AC233FA8C347', NULL, '2021-03-16 03:42:44', '2021-03-16 03:44:05'),
(73, 1, 'AC233FA8C34B', NULL, '2021-03-16 03:42:44', '2021-03-16 03:44:05'),
(74, 1, 'AC233FA8C346', NULL, '2021-03-16 03:42:44', '2021-03-16 03:44:05'),
(75, 1, 'AC233FA8C345', NULL, '2021-03-16 03:42:44', '2021-03-16 03:44:05'),
(76, 1, 'AC233FA8C34D', NULL, '2021-03-16 03:42:44', '2021-03-16 03:44:05'),
(77, 1, 'AC233FA8C34C', NULL, '2021-03-16 03:42:44', '2021-03-16 03:44:05'),
(78, 1, 'AC233FA8C34A', NULL, '2021-03-16 03:42:44', '2021-03-16 03:44:05'),
(79, 1, 'AC233FA8C2F2', NULL, '2021-03-16 03:42:44', '2021-03-16 03:44:05'),
(80, 1, 'AC233FA8C2F0', NULL, '2021-03-16 03:42:44', '2021-03-16 03:44:05'),
(81, 1, 'AC233FA8C2F9', NULL, '2021-03-16 03:42:44', '2021-03-16 03:44:05'),
(82, 1, 'AC233FA8C2F3', NULL, '2021-03-16 03:42:44', '2021-03-16 03:44:05'),
(83, 1, 'AC233FA8C2FA', NULL, '2021-03-16 03:42:44', '2021-03-16 03:44:05'),
(84, 1, 'AC233FA8C2F8', NULL, '2021-03-16 03:42:44', '2021-03-16 03:44:05'),
(85, 1, 'AC233FA8C2F6', NULL, '2021-03-16 03:42:44', '2021-03-16 03:44:05'),
(86, 1, 'AC233FA8C2FF', NULL, '2021-03-16 03:42:44', '2021-03-16 03:44:05'),
(87, 1, 'AC233FA8C2F4', NULL, '2021-03-16 03:42:44', '2021-03-16 03:44:05'),
(88, 1, 'AC233FA8C2FC', NULL, '2021-03-16 03:42:44', '2021-03-16 03:44:05'),
(89, 1, 'AC233FA8C2FE', NULL, '2021-03-16 03:42:44', '2021-03-16 03:44:05'),
(90, 1, 'AC233FA8C2F1', NULL, '2021-03-16 03:42:44', '2021-03-16 03:44:05'),
(91, 1, 'AC233FA8C2FB', NULL, '2021-03-16 03:42:44', '2021-03-16 03:44:05'),
(92, 1, 'AC233FA8C2FD', NULL, '2021-03-16 03:42:44', '2021-03-16 03:44:05'),
(93, 1, 'AC233FA8C2F7', NULL, '2021-03-16 03:42:44', '2021-03-16 03:44:05'),
(94, 1, 'AC233FA8C2F5', NULL, '2021-03-16 03:42:44', '2021-03-16 03:44:05'),
(95, 1, 'AC233FA8C2EE', NULL, '2021-03-16 03:42:44', '2021-03-16 03:44:05'),
(96, 1, 'AC233FA8C2EF', NULL, '2021-03-16 03:42:44', '2021-03-16 03:44:05'),
(97, 1, 'AC233FA8C58F', NULL, '2021-03-16 03:42:44', '2021-03-16 03:44:05'),
(98, 1, 'AC233FA8C5A3', NULL, '2021-03-16 03:42:44', '2021-03-16 03:44:05'),
(99, 1, 'AC233FA8C5A4', NULL, '2021-03-16 03:42:44', '2021-03-16 03:44:05'),
(100, 1, 'AC233FA8C5A7', NULL, '2021-03-16 03:42:44', '2021-03-16 03:44:05'),
(101, 1, 'AC233FA93052', NULL, '2021-03-16 03:42:44', '2021-03-16 03:44:05'),
(102, 1, 'AC233FA93053', NULL, '2021-03-16 03:42:44', '2021-03-16 03:44:05'),
(103, 1, 'AC233FA93054', NULL, '2021-03-16 03:42:44', '2021-03-16 03:44:05'),
(104, 1, 'AC233FA93055', NULL, '2021-03-16 03:42:44', '2021-03-16 03:44:05'),
(105, 1, 'AC233FA93056', NULL, '2021-03-16 03:42:44', '2021-03-16 03:44:05'),
(106, 1, 'AC233FA93057', NULL, '2021-03-16 03:42:44', '2021-03-16 03:44:05'),
(107, 1, 'AC233FA93058', NULL, '2021-03-16 03:42:44', '2021-03-16 03:44:05'),
(108, 1, 'AC233FA93059', NULL, '2021-03-16 03:42:44', '2021-03-16 03:44:05'),
(109, 1, 'AC233FA9305A', NULL, '2021-03-16 03:42:44', '2021-03-16 03:44:05'),
(110, 1, 'AC233FA9305B', NULL, '2021-03-16 03:42:44', '2021-03-16 03:44:05'),
(111, 1, 'AC233FA9305C', NULL, '2021-03-16 03:42:44', '2021-03-16 03:44:05'),
(112, 1, 'AC233FA9305D', NULL, '2021-03-16 03:42:44', '2021-03-16 03:44:05'),
(113, 1, 'AC233FA9305E', NULL, '2021-03-16 03:42:44', '2021-03-16 03:44:05'),
(114, 1, 'AC233FA9305F', NULL, '2021-03-16 03:42:44', '2021-03-16 03:44:05'),
(115, 1, 'AC233FA93060', NULL, '2021-03-16 03:42:44', '2021-03-16 03:44:05'),
(116, 1, 'AC233FA93061', NULL, '2021-03-16 03:42:44', '2021-03-16 03:44:05'),
(117, 1, 'AC233FA93062', NULL, '2021-03-16 03:42:44', '2021-03-16 03:44:05'),
(118, 1, 'AC233FA93063', NULL, '2021-03-16 03:42:44', '2021-03-16 03:44:05'),
(119, 1, 'AC233FA93064', NULL, '2021-03-16 03:42:44', '2021-03-16 03:44:05'),
(120, 1, 'AC233FA93065', NULL, '2021-03-16 03:42:44', '2021-03-16 03:44:05'),
(121, 1, 'AC233FA93066', NULL, '2021-03-16 03:42:44', '2021-03-16 03:44:05'),
(122, 1, 'AC233FA93067', NULL, '2021-03-16 03:42:44', '2021-03-16 03:44:05'),
(123, 1, 'AC233FA93068', NULL, '2021-03-16 03:42:44', '2021-03-16 03:44:05'),
(124, 1, 'AC233FA93069', NULL, '2021-03-16 03:42:44', '2021-03-16 03:44:05'),
(125, 1, 'AC233FA9306A', NULL, '2021-03-16 03:42:44', '2021-03-16 03:44:05'),
(126, 1, 'AC233FA9306B', NULL, '2021-03-16 03:42:44', '2021-03-16 03:44:05'),
(127, 1, 'AC233FA9306C', NULL, '2021-03-16 03:42:44', '2021-03-16 03:44:05'),
(128, 1, 'AC233FA9306D', NULL, '2021-03-16 03:42:44', '2021-03-16 03:44:05'),
(129, 1, 'AC233FA9306E', NULL, '2021-03-16 03:42:44', '2021-03-16 03:44:05'),
(130, 1, 'AC233FA9306F', NULL, '2021-03-16 03:42:44', '2021-03-16 03:44:05'),
(131, 1, 'AC233FA93070', NULL, '2021-03-16 03:42:44', '2021-03-16 03:44:05'),
(132, 1, 'AC233FA93071', NULL, '2021-03-16 03:42:44', '2021-03-16 03:44:05'),
(133, 1, 'AC233FA93072', NULL, '2021-03-16 03:42:44', '2021-03-16 03:44:05'),
(134, 1, 'AC233FA93073', NULL, '2021-03-16 03:42:44', '2021-03-16 03:44:05'),
(135, 1, 'AC233FA93074', NULL, '2021-03-16 03:42:44', '2021-03-16 03:44:05'),
(136, 1, 'AC233FA93075', NULL, '2021-03-16 03:42:44', '2021-03-16 03:44:05'),
(137, 1, 'AC233FA93076', NULL, '2021-03-16 03:42:44', '2021-03-16 03:44:05'),
(138, 1, 'AC233FA93077', NULL, '2021-03-16 03:42:44', '2021-03-16 03:44:05'),
(139, 1, 'AC233FA93078', NULL, '2021-03-16 03:42:44', '2021-03-16 03:44:05'),
(140, 1, 'AC233FA93079', NULL, '2021-03-16 03:42:44', '2021-03-16 03:44:05'),
(141, 1, 'AC233FA9307A', NULL, '2021-03-16 03:42:44', '2021-03-16 03:44:05'),
(142, 1, 'AC233FA9307B', NULL, '2021-03-16 03:42:44', '2021-03-16 03:44:05'),
(143, 1, 'AC233FA9307C', NULL, '2021-03-16 03:42:44', '2021-03-16 03:44:05'),
(144, 1, 'AC233FA9307D', NULL, '2021-03-16 03:42:44', '2021-03-16 03:44:05'),
(145, 1, 'AC233FA9307E', NULL, '2021-03-16 03:42:44', '2021-03-16 03:44:05'),
(146, 1, 'AC233FA9307F', NULL, '2021-03-16 03:42:44', '2021-03-16 03:44:05'),
(147, 1, 'AC233FA93080', NULL, '2021-03-16 03:42:44', '2021-03-16 03:44:05'),
(148, 1, 'AC233FA93081', NULL, '2021-03-16 03:42:44', '2021-03-16 03:44:05'),
(149, 1, 'AC233FA93082', NULL, '2021-03-16 03:42:44', '2021-03-16 03:44:05'),
(150, 1, 'AC233FA93083', NULL, '2021-03-16 03:42:44', '2021-03-16 03:44:05'),
(151, 1, 'AC233FA93084', NULL, '2021-03-16 03:42:44', '2021-03-16 03:44:05'),
(152, 1, 'AC233FA93085', NULL, '2021-03-16 03:42:44', '2021-03-16 03:44:05'),
(153, 1, 'AC233FA93086', NULL, '2021-03-16 03:42:44', '2021-03-16 03:44:05'),
(154, 1, 'AC233FA93087', NULL, '2021-03-16 03:42:44', '2021-03-16 03:44:05'),
(155, 1, 'AC233FA93088', NULL, '2021-03-16 03:42:44', '2021-03-16 03:44:05'),
(156, 1, 'AC233FA93089', NULL, '2021-03-16 03:42:44', '2021-03-16 03:44:05'),
(157, 1, 'AC233FA9308A', NULL, '2021-03-16 03:42:44', '2021-03-16 03:44:05'),
(158, 1, 'AC233FA9308B', NULL, '2021-03-16 03:42:44', '2021-03-16 03:44:05'),
(159, 1, 'AC233FA9308C', NULL, '2021-03-16 03:42:44', '2021-03-16 03:44:05'),
(160, 1, 'AC233FA9308D', NULL, '2021-03-16 03:42:44', '2021-03-16 03:44:05'),
(161, 1, 'AC233FA9308E', NULL, '2021-03-16 03:42:44', '2021-03-16 03:44:05'),
(162, 1, 'AC233FA9308F', NULL, '2021-03-16 03:42:44', '2021-03-16 03:44:05'),
(163, 1, 'AC233FA93090', NULL, '2021-03-16 03:42:44', '2021-03-16 03:44:05'),
(164, 1, 'AC233FA93091', NULL, '2021-03-16 03:42:44', '2021-03-16 03:44:05'),
(165, 1, 'AC233FA93092', NULL, '2021-03-16 03:42:44', '2021-03-16 03:44:05'),
(166, 1, 'AC233FA93093', NULL, '2021-03-16 03:42:44', '2021-03-16 03:44:05'),
(167, 1, 'AC233FA93094', NULL, '2021-03-16 03:42:44', '2021-03-16 03:44:05'),
(168, 1, 'AC233FA93095', NULL, '2021-03-16 03:42:44', '2021-03-16 03:44:05'),
(169, 1, 'AC233FA93096', NULL, '2021-03-16 03:42:44', '2021-03-16 03:44:05'),
(170, 1, 'AC233FA93097', NULL, '2021-03-16 03:42:44', '2021-03-16 03:44:05'),
(171, 1, 'AC233FA93098', NULL, '2021-03-16 03:42:44', '2021-03-16 03:44:05'),
(172, 1, 'AC233FA93099', NULL, '2021-03-16 03:42:44', '2021-03-16 03:44:05'),
(173, 1, 'AC233FA9309A', NULL, '2021-03-16 03:42:44', '2021-03-16 03:44:05'),
(174, 1, 'AC233FA9309B', NULL, '2021-03-16 03:42:44', '2021-03-16 03:44:05'),
(175, 1, 'AC233FA9309C', NULL, '2021-03-16 03:42:44', '2021-03-16 03:44:05'),
(176, 1, 'AC233FA9309D', NULL, '2021-03-16 03:42:44', '2021-03-16 03:44:05'),
(177, 1, 'AC233FA9309E', NULL, '2021-03-16 03:42:44', '2021-03-16 03:44:05'),
(178, 1, 'AC233FA9309F', NULL, '2021-03-16 03:42:44', '2021-03-16 03:44:05'),
(179, 1, 'AC233FA930A0', NULL, '2021-03-16 03:42:44', '2021-03-16 03:44:05'),
(180, 1, 'AC233FA930A1', NULL, '2021-03-16 03:42:44', '2021-03-16 03:44:05'),
(181, 1, 'AC233FA930A2', NULL, '2021-03-16 03:42:44', '2021-03-16 03:44:05'),
(182, 1, 'AC233FA930A3', NULL, '2021-03-16 03:42:44', '2021-03-16 03:44:05'),
(183, 1, 'AC233FA930A4', NULL, '2021-03-16 03:42:44', '2021-03-16 03:44:05'),
(184, 1, 'AC233FA930A5', NULL, '2021-03-16 03:42:44', '2021-03-16 03:44:05'),
(185, 1, 'AC233FA930A6', NULL, '2021-03-16 03:42:44', '2021-03-16 03:44:05'),
(186, 1, 'AC233FA930A7', NULL, '2021-03-16 03:42:44', '2021-03-16 03:44:05'),
(187, 1, 'AC233FA930A8', NULL, '2021-03-16 03:42:44', '2021-03-16 03:44:05'),
(188, 1, 'AC233FA930A9', NULL, '2021-03-16 03:42:44', '2021-03-16 03:44:05'),
(189, 1, 'AC233FA930AA', NULL, '2021-03-16 03:42:44', '2021-03-16 03:44:05'),
(190, 1, 'AC233FA930AB', NULL, '2021-03-16 03:42:44', '2021-03-16 03:44:05'),
(191, 1, 'AC233FA930AC', NULL, '2021-03-16 03:42:44', '2021-03-16 03:44:05'),
(192, 1, 'AC233FA930AD', NULL, '2021-03-16 03:42:44', '2021-03-16 03:44:05'),
(193, 1, 'AC233FA930AE', NULL, '2021-03-16 03:42:44', '2021-03-16 03:44:05'),
(194, 1, 'AC233FA930AF', NULL, '2021-03-16 03:42:44', '2021-03-16 03:44:05'),
(195, 1, 'AC233FA930B0', NULL, '2021-03-16 03:42:44', '2021-03-16 03:44:05'),
(196, 1, 'AC233FA930B1', NULL, '2021-03-16 03:42:44', '2021-03-16 03:44:05'),
(197, 1, 'AC233FA930B2', NULL, '2021-03-16 03:42:44', '2021-03-16 03:44:05'),
(198, 1, 'AC233FA930B3', NULL, '2021-03-16 03:42:44', '2021-03-16 03:44:05'),
(199, 1, 'AC233FA930B4', NULL, '2021-03-16 03:42:44', '2021-03-16 03:44:05'),
(200, 1, 'AC233FA930B5', NULL, '2021-03-16 03:42:44', '2021-03-16 03:44:05'),
(201, 1, 'AC233FA930B6', NULL, '2021-03-16 03:42:44', '2021-03-16 03:44:05'),
(202, 1, 'AC233FA930B7', NULL, '2021-03-16 03:42:44', '2021-03-16 03:44:05'),
(203, 1, 'AC233FA930B8', NULL, '2021-03-16 03:42:44', '2021-03-16 03:44:05'),
(204, 1, 'AC233FA930B9', NULL, '2021-03-16 03:42:44', '2021-03-16 03:44:05'),
(205, 1, 'AC233FA930BA', NULL, '2021-03-16 03:42:44', '2021-03-16 03:44:05'),
(206, 1, 'AC233FA930BB', NULL, '2021-03-16 03:42:44', '2021-03-16 03:44:05'),
(207, 1, 'AC233FA930BC', NULL, '2021-03-16 03:42:44', '2021-03-16 03:44:05'),
(208, 1, 'AC233FA930BD', NULL, '2021-03-16 03:42:44', '2021-03-16 03:44:05'),
(209, 1, 'AC233FA930BE', NULL, '2021-03-16 03:42:44', '2021-03-16 03:44:05'),
(210, 1, 'AC233FA930BF', NULL, '2021-03-16 03:42:44', '2021-03-16 03:44:05');

-- --------------------------------------------------------

--
-- Table structure for table `beacons_type_table`
--

CREATE TABLE `beacons_type_table` (
  `beacon_type_id` int(10) UNSIGNED NOT NULL,
  `beacon_type_desc` tinytext DEFAULT NULL
) ENGINE=InnoDB DEFAULT CHARSET=latin1;

--
-- Dumping data for table `beacons_type_table`
--

INSERT INTO `beacons_type_table` (`beacon_type_id`, `beacon_type_desc`) VALUES
(1, 'iBeacon');

-- --------------------------------------------------------

--
-- Table structure for table `buildings_table`
--

CREATE TABLE `buildings_table` (
  `building_id` bigint(20) UNSIGNED NOT NULL,
  `name` varchar(255) NOT NULL,
  `detail` text DEFAULT NULL,
  `floor_num` int(11) NOT NULL,
  `address` varchar(255) NOT NULL,
  `lat` double(8,2) NOT NULL,
  `lng` double(8,2) NOT NULL,
  `created_at` timestamp NOT NULL DEFAULT current_timestamp(),
  `updated_at` timestamp NULL DEFAULT NULL ON UPDATE current_timestamp()
) ENGINE=InnoDB DEFAULT CHARSET=latin1;

--
-- Dumping data for table `buildings_table`
--

INSERT INTO `buildings_table` (`building_id`, `name`, `detail`, `floor_num`, `address`, `lat`, `lng`, `created_at`, `updated_at`) VALUES
(1, 'Floor 1', 'St.John', 1, 'Singapore', 0.00, 0.00, '2021-03-16 03:40:41', NULL),
(2, 'Floor 2', 'St.John', 2, 'Singapore', 0.00, 0.00, '2021-03-16 03:40:41', NULL),
(3, 'Floor 3', 'St.John', 3, 'Singapore', 0.00, 0.00, '2021-03-16 03:40:41', NULL),
(4, 'Floor 4', 'St.John', 4, 'Singapore', 0.00, 0.00, '2021-03-16 03:40:41', NULL),
(5, 'Floor 5', 'St.John', 5, 'Singapore', 0.00, 0.00, '2021-03-16 03:40:41', NULL),
(6, 'Rooftop', 'St.John', 6, 'Singapore', 0.00, 0.00, '2021-03-16 03:40:41', NULL);

-- --------------------------------------------------------

--
-- Table structure for table `floors_table`
--

CREATE TABLE `floors_table` (
  `floor_id` int(10) UNSIGNED NOT NULL,
  `id` bigint(20) UNSIGNED NOT NULL,
  `number` int(11) NOT NULL,
  `building_id` bigint(20) UNSIGNED DEFAULT NULL,
  `created_at` timestamp NOT NULL DEFAULT current_timestamp(),
  `updated_at` timestamp NULL DEFAULT NULL ON UPDATE current_timestamp()
) ENGINE=InnoDB DEFAULT CHARSET=latin1;

--
-- Dumping data for table `floors_table`
--

INSERT INTO `floors_table` (`floor_id`, `id`, `number`, `building_id`, `created_at`, `updated_at`) VALUES
(1, 1, 1, 1, '2021-03-16 03:40:41', NULL),
(2, 2, 1, 2, '2021-03-16 03:40:41', NULL),
(3, 3, 1, 3, '2021-03-16 03:40:41', NULL),
(4, 4, 1, 4, '2021-03-16 03:40:41', NULL),
(5, 5, 1, 5, '2021-03-16 03:40:41', NULL),
(6, 6, 1, 6, '2021-03-16 03:40:41', NULL);

-- --------------------------------------------------------

--
-- Table structure for table `gateways_table`
--

CREATE TABLE `gateways_table` (
  `gateway_id` bigint(20) UNSIGNED NOT NULL,
  `mac_addr` varchar(17) DEFAULT NULL,
  `reader_ip` varchar(45) DEFAULT NULL,
  `location_id` bigint(20) UNSIGNED DEFAULT NULL,
  `reader_status` tinyint(1) DEFAULT NULL,
  `up_status` timestamp NOT NULL DEFAULT current_timestamp() ON UPDATE current_timestamp(),
  `down_status` timestamp NOT NULL DEFAULT '0000-00-00 00:00:00',
  `assigned` tinyint(1) DEFAULT NULL,
  `serial` varchar(45) DEFAULT NULL,
  `created_at` timestamp NOT NULL DEFAULT current_timestamp(),
  `updated_at` timestamp NULL DEFAULT NULL ON UPDATE current_timestamp()
) ENGINE=InnoDB DEFAULT CHARSET=latin1;

--
-- Dumping data for table `gateways_table`
--

INSERT INTO `gateways_table` (`gateway_id`, `mac_addr`, `reader_ip`, `location_id`, `reader_status`, `up_status`, `down_status`, `assigned`, `serial`, `created_at`, `updated_at`) VALUES
(1, 'AC233FC09C05', NULL, NULL, NULL, '2021-03-16 03:45:18', '0000-00-00 00:00:00', NULL, NULL, '2021-03-16 03:45:18', NULL),
(2, 'AC233FC09C06', NULL, NULL, NULL, '2021-03-16 03:45:18', '0000-00-00 00:00:00', NULL, NULL, '2021-03-16 03:45:18', NULL),
(3, 'AC233FC09C07', NULL, NULL, NULL, '2021-03-16 03:45:18', '0000-00-00 00:00:00', NULL, NULL, '2021-03-16 03:45:18', NULL),
(4, 'AC233FC09C08', NULL, NULL, NULL, '2021-03-16 03:45:18', '0000-00-00 00:00:00', NULL, NULL, '2021-03-16 03:45:18', NULL),
(5, 'AC233FC09C09', NULL, NULL, NULL, '2021-03-16 03:45:18', '0000-00-00 00:00:00', NULL, NULL, '2021-03-16 03:45:18', NULL),
(6, 'AC233FC09C0A', NULL, NULL, NULL, '2021-03-16 03:45:18', '0000-00-00 00:00:00', NULL, NULL, '2021-03-16 03:45:18', NULL),
(7, 'AC233FC09C0B', NULL, NULL, NULL, '2021-03-16 03:45:18', '0000-00-00 00:00:00', NULL, NULL, '2021-03-16 03:45:18', NULL),
(8, 'AC233FC09C0C', NULL, NULL, NULL, '2021-03-16 03:45:18', '0000-00-00 00:00:00', NULL, NULL, '2021-03-16 03:45:18', NULL),
(9, 'AC233FC09C0D', NULL, NULL, NULL, '2021-03-16 03:45:18', '0000-00-00 00:00:00', NULL, NULL, '2021-03-16 03:45:18', NULL),
(10, 'AC233FC09C0E', NULL, NULL, NULL, '2021-03-16 03:45:18', '0000-00-00 00:00:00', NULL, NULL, '2021-03-16 03:45:18', NULL),
(11, 'AC233FC09C0F', NULL, NULL, NULL, '2021-03-16 03:45:18', '0000-00-00 00:00:00', NULL, NULL, '2021-03-16 03:45:18', NULL),
(12, 'AC233FC09C10', NULL, NULL, NULL, '2021-03-16 03:45:18', '0000-00-00 00:00:00', NULL, NULL, '2021-03-16 03:45:18', NULL),
(13, 'AC233FC09C11', NULL, NULL, NULL, '2021-03-16 03:45:18', '0000-00-00 00:00:00', NULL, NULL, '2021-03-16 03:45:18', NULL),
(14, 'AC233FC09C12', NULL, NULL, NULL, '2021-03-16 03:45:18', '0000-00-00 00:00:00', NULL, NULL, '2021-03-16 03:45:18', NULL),
(15, 'AC233FC09C13', NULL, NULL, NULL, '2021-03-16 03:45:18', '0000-00-00 00:00:00', NULL, NULL, '2021-03-16 03:45:18', NULL),
(16, 'AC233FC09C14', NULL, NULL, NULL, '2021-03-16 03:45:18', '0000-00-00 00:00:00', NULL, NULL, '2021-03-16 03:45:18', NULL),
(17, 'AC233FC09C15', NULL, NULL, NULL, '2021-03-16 03:45:18', '0000-00-00 00:00:00', NULL, NULL, '2021-03-16 03:45:18', NULL),
(18, 'AC233FC09C16', NULL, NULL, NULL, '2021-03-16 03:45:18', '0000-00-00 00:00:00', NULL, NULL, '2021-03-16 03:45:18', NULL),
(19, 'AC233FC09C17', NULL, NULL, NULL, '2021-03-16 03:45:18', '0000-00-00 00:00:00', NULL, NULL, '2021-03-16 03:45:18', NULL),
(20, 'AC233FC09C18', NULL, NULL, NULL, '2021-03-16 03:45:18', '0000-00-00 00:00:00', NULL, NULL, '2021-03-16 03:45:18', NULL),
(21, 'AC233FC09C19', NULL, NULL, NULL, '2021-03-16 03:45:18', '0000-00-00 00:00:00', NULL, NULL, '2021-03-16 03:45:18', NULL),
(22, 'AC233FC09C1A', NULL, NULL, NULL, '2021-03-16 03:45:18', '0000-00-00 00:00:00', NULL, NULL, '2021-03-16 03:45:18', NULL),
(23, 'AC233FC09C1B', NULL, NULL, NULL, '2021-03-16 03:45:18', '0000-00-00 00:00:00', NULL, NULL, '2021-03-16 03:45:18', NULL),
(24, 'AC233FC09C1C', NULL, NULL, NULL, '2021-03-16 03:45:18', '0000-00-00 00:00:00', NULL, NULL, '2021-03-16 03:45:18', NULL),
(25, 'AC233FC09C1D', NULL, NULL, NULL, '2021-03-16 03:45:18', '0000-00-00 00:00:00', NULL, NULL, '2021-03-16 03:45:18', NULL),
(26, 'AC233FC09C1E', NULL, NULL, NULL, '2021-03-16 03:45:18', '0000-00-00 00:00:00', NULL, NULL, '2021-03-16 03:45:18', NULL),
(27, 'AC233FC09C1F', NULL, NULL, NULL, '2021-03-16 03:45:18', '0000-00-00 00:00:00', NULL, NULL, '2021-03-16 03:45:18', NULL),
(28, 'AC233FC09C20', NULL, NULL, NULL, '2021-03-16 03:45:18', '0000-00-00 00:00:00', NULL, NULL, '2021-03-16 03:45:18', NULL),
(29, 'AC233FC09C21', NULL, NULL, NULL, '2021-03-16 03:45:18', '0000-00-00 00:00:00', NULL, NULL, '2021-03-16 03:45:18', NULL),
(30, 'AC233FC09C22', NULL, NULL, NULL, '2021-03-16 03:45:18', '0000-00-00 00:00:00', NULL, NULL, '2021-03-16 03:45:18', NULL),
(31, 'AC233FC09C23', NULL, NULL, NULL, '2021-03-16 03:45:18', '0000-00-00 00:00:00', NULL, NULL, '2021-03-16 03:45:18', NULL),
(32, 'AC233FC09C24', NULL, NULL, NULL, '2021-03-16 03:45:18', '0000-00-00 00:00:00', NULL, NULL, '2021-03-16 03:45:18', NULL),
(33, 'AC233FC09C25', NULL, NULL, NULL, '2021-03-16 03:45:18', '0000-00-00 00:00:00', NULL, NULL, '2021-03-16 03:45:18', NULL),
(34, 'AC233FC09C26', NULL, NULL, NULL, '2021-03-16 03:45:18', '0000-00-00 00:00:00', NULL, NULL, '2021-03-16 03:45:18', NULL),
(35, 'AC233FC09C27', NULL, NULL, NULL, '2021-03-16 03:45:18', '0000-00-00 00:00:00', NULL, NULL, '2021-03-16 03:45:18', NULL),
(36, 'AC233FC09C28', NULL, NULL, NULL, '2021-03-16 03:45:18', '0000-00-00 00:00:00', NULL, NULL, '2021-03-16 03:45:18', NULL),
(37, 'AC233FC09C29', NULL, NULL, NULL, '2021-03-16 03:45:18', '0000-00-00 00:00:00', NULL, NULL, '2021-03-16 03:45:18', NULL),
(38, 'AC233FC09C2A', NULL, NULL, NULL, '2021-03-16 03:45:18', '0000-00-00 00:00:00', NULL, NULL, '2021-03-16 03:45:18', NULL),
(39, 'AC233FC09C2B', NULL, NULL, NULL, '2021-03-16 03:45:18', '0000-00-00 00:00:00', NULL, NULL, '2021-03-16 03:45:18', NULL),
(40, 'AC233FC09C2C', NULL, NULL, NULL, '2021-03-16 03:45:18', '0000-00-00 00:00:00', NULL, NULL, '2021-03-16 03:45:18', NULL),
(41, 'AC233FC09C2D', NULL, NULL, NULL, '2021-03-16 03:45:18', '0000-00-00 00:00:00', NULL, NULL, '2021-03-16 03:45:18', NULL),
(42, 'AC233FC09C2E', NULL, NULL, NULL, '2021-03-16 03:45:18', '0000-00-00 00:00:00', NULL, NULL, '2021-03-16 03:45:18', NULL),
(43, 'AC233FC09C2F', NULL, NULL, NULL, '2021-03-16 03:45:18', '0000-00-00 00:00:00', NULL, NULL, '2021-03-16 03:45:18', NULL),
(44, 'AC233FC09C30', NULL, NULL, NULL, '2021-03-16 03:45:18', '0000-00-00 00:00:00', NULL, NULL, '2021-03-16 03:45:18', NULL),
(45, 'AC233FC09C31', NULL, NULL, NULL, '2021-03-16 03:45:18', '0000-00-00 00:00:00', NULL, NULL, '2021-03-16 03:45:18', NULL),
(46, 'AC233FC09C32', NULL, NULL, NULL, '2021-03-16 03:45:18', '0000-00-00 00:00:00', NULL, NULL, '2021-03-16 03:45:18', NULL),
(47, 'AC233FC09C33', NULL, NULL, NULL, '2021-03-16 03:45:18', '0000-00-00 00:00:00', NULL, NULL, '2021-03-16 03:45:18', NULL),
(48, 'AC233FC09C34', NULL, NULL, NULL, '2021-03-16 03:45:18', '0000-00-00 00:00:00', NULL, NULL, '2021-03-16 03:45:18', NULL),
(49, 'AC233FC09C35', NULL, NULL, NULL, '2021-03-16 03:45:18', '0000-00-00 00:00:00', NULL, NULL, '2021-03-16 03:45:18', NULL),
(50, 'AC233FC09C36', NULL, NULL, NULL, '2021-03-16 03:45:18', '0000-00-00 00:00:00', NULL, NULL, '2021-03-16 03:45:18', NULL),
(51, 'AC233FC09C37', NULL, NULL, NULL, '2021-03-16 03:45:18', '0000-00-00 00:00:00', NULL, NULL, '2021-03-16 03:45:18', NULL),
(52, 'AC233FC09C38', NULL, NULL, NULL, '2021-03-16 03:45:18', '0000-00-00 00:00:00', NULL, NULL, '2021-03-16 03:45:18', NULL),
(53, 'AC233FC09C39', NULL, NULL, NULL, '2021-03-16 03:45:18', '0000-00-00 00:00:00', NULL, NULL, '2021-03-16 03:45:18', NULL),
(54, 'AC233FC09C3A', NULL, NULL, NULL, '2021-03-16 03:45:18', '0000-00-00 00:00:00', NULL, NULL, '2021-03-16 03:45:18', NULL),
(55, 'AC233FC09C3B', NULL, NULL, NULL, '2021-03-16 03:45:18', '0000-00-00 00:00:00', NULL, NULL, '2021-03-16 03:45:18', NULL),
(56, 'AC233FC09C3C', NULL, NULL, NULL, '2021-03-16 03:45:18', '0000-00-00 00:00:00', NULL, NULL, '2021-03-16 03:45:18', NULL),
(57, 'AC233FC09C3D', NULL, NULL, NULL, '2021-03-16 03:45:18', '0000-00-00 00:00:00', NULL, NULL, '2021-03-16 03:45:18', NULL),
(58, 'AC233FC09C3E', NULL, NULL, NULL, '2021-03-16 03:45:18', '0000-00-00 00:00:00', NULL, NULL, '2021-03-16 03:45:18', NULL),
(59, 'AC233FC09C3F', NULL, NULL, NULL, '2021-03-16 03:45:18', '0000-00-00 00:00:00', NULL, NULL, '2021-03-16 03:45:18', NULL),
(60, 'AC233FC09C40', NULL, NULL, NULL, '2021-03-16 03:45:18', '0000-00-00 00:00:00', NULL, NULL, '2021-03-16 03:45:18', NULL),
(61, 'AC233FC09C41', NULL, NULL, NULL, '2021-03-16 03:45:18', '0000-00-00 00:00:00', NULL, NULL, '2021-03-16 03:45:18', NULL),
(62, 'AC233FC09C42', NULL, NULL, NULL, '2021-03-16 03:45:18', '0000-00-00 00:00:00', NULL, NULL, '2021-03-16 03:45:18', NULL),
(63, 'AC233FC09C43', NULL, NULL, NULL, '2021-03-16 03:45:18', '0000-00-00 00:00:00', NULL, NULL, '2021-03-16 03:45:18', NULL),
(64, 'AC233FC09C44', NULL, NULL, NULL, '2021-03-16 03:45:18', '0000-00-00 00:00:00', NULL, NULL, '2021-03-16 03:45:18', NULL),
(65, 'AC233FC09C45', NULL, NULL, NULL, '2021-03-16 03:45:18', '0000-00-00 00:00:00', NULL, NULL, '2021-03-16 03:45:18', NULL),
(66, 'AC233FC09C46', NULL, NULL, NULL, '2021-03-16 03:45:18', '0000-00-00 00:00:00', NULL, NULL, '2021-03-16 03:45:18', NULL),
(67, 'AC233FC09C47', NULL, NULL, NULL, '2021-03-16 03:45:18', '0000-00-00 00:00:00', NULL, NULL, '2021-03-16 03:45:18', NULL),
(68, 'AC233FC09C48', NULL, NULL, NULL, '2021-03-16 03:45:18', '0000-00-00 00:00:00', NULL, NULL, '2021-03-16 03:45:18', NULL),
(69, 'AC233FC09C49', NULL, NULL, NULL, '2021-03-16 03:45:18', '0000-00-00 00:00:00', NULL, NULL, '2021-03-16 03:45:18', NULL),
(70, 'AC233FC09C4A', NULL, NULL, NULL, '2021-03-16 03:45:18', '0000-00-00 00:00:00', NULL, NULL, '2021-03-16 03:45:18', NULL),
(71, 'AC233FC09C4B', NULL, NULL, NULL, '2021-03-16 03:45:18', '0000-00-00 00:00:00', NULL, NULL, '2021-03-16 03:45:18', NULL),
(72, 'AC233FC09C4C', NULL, NULL, NULL, '2021-03-16 03:45:18', '0000-00-00 00:00:00', NULL, NULL, '2021-03-16 03:45:18', NULL),
(73, 'AC233FC09C4D', NULL, NULL, NULL, '2021-03-16 03:45:18', '0000-00-00 00:00:00', NULL, NULL, '2021-03-16 03:45:18', NULL),
(74, 'AC233FC09C4E', NULL, NULL, NULL, '2021-03-16 03:45:18', '0000-00-00 00:00:00', NULL, NULL, '2021-03-16 03:45:18', NULL),
(75, 'AC233FC09C4F', NULL, NULL, NULL, '2021-03-16 03:45:18', '0000-00-00 00:00:00', NULL, NULL, '2021-03-16 03:45:18', NULL),
(76, 'AC233FC09C50', NULL, NULL, NULL, '2021-03-16 03:45:18', '0000-00-00 00:00:00', NULL, NULL, '2021-03-16 03:45:18', NULL),
(77, 'AC233FC09C51', NULL, NULL, NULL, '2021-03-16 03:45:18', '0000-00-00 00:00:00', NULL, NULL, '2021-03-16 03:45:18', NULL),
(78, 'AC233FC09C52', NULL, NULL, NULL, '2021-03-16 03:45:18', '0000-00-00 00:00:00', NULL, NULL, '2021-03-16 03:45:18', NULL),
(79, 'AC233FC09C53', NULL, NULL, NULL, '2021-03-16 03:45:18', '0000-00-00 00:00:00', NULL, NULL, '2021-03-16 03:45:18', NULL),
(80, 'AC233FC09C54', NULL, NULL, NULL, '2021-03-16 03:45:18', '0000-00-00 00:00:00', NULL, NULL, '2021-03-16 03:45:18', NULL),
(81, 'AC233FC09C55', NULL, NULL, NULL, '2021-03-16 03:45:18', '0000-00-00 00:00:00', NULL, NULL, '2021-03-16 03:45:18', NULL),
(82, 'AC233FC09C56', NULL, NULL, NULL, '2021-03-16 03:45:18', '0000-00-00 00:00:00', NULL, NULL, '2021-03-16 03:45:18', NULL),
(83, 'AC233FC09C57', NULL, NULL, NULL, '2021-03-16 03:45:18', '0000-00-00 00:00:00', NULL, NULL, '2021-03-16 03:45:18', NULL),
(84, 'AC233FC09C58', NULL, NULL, NULL, '2021-03-16 03:45:18', '0000-00-00 00:00:00', NULL, NULL, '2021-03-16 03:45:18', NULL),
(85, 'AC233FC09C59', NULL, NULL, NULL, '2021-03-16 03:45:18', '0000-00-00 00:00:00', NULL, NULL, '2021-03-16 03:45:18', NULL),
(86, 'AC233FC09C5A', NULL, NULL, NULL, '2021-03-16 03:45:18', '0000-00-00 00:00:00', NULL, NULL, '2021-03-16 03:45:18', NULL),
(87, 'AC233FC09C5B', NULL, NULL, NULL, '2021-03-16 03:45:18', '0000-00-00 00:00:00', NULL, NULL, '2021-03-16 03:45:18', NULL),
(88, 'AC233FC09C5C', NULL, NULL, NULL, '2021-03-16 03:45:18', '0000-00-00 00:00:00', NULL, NULL, '2021-03-16 03:45:18', NULL),
(89, 'AC233FC09C5D', NULL, NULL, NULL, '2021-03-16 03:45:18', '0000-00-00 00:00:00', NULL, NULL, '2021-03-16 03:45:18', NULL),
(90, 'AC233FC09C5E', NULL, NULL, NULL, '2021-03-16 03:45:18', '0000-00-00 00:00:00', NULL, NULL, '2021-03-16 03:45:18', NULL),
(91, 'AC233FC09C5F', NULL, NULL, NULL, '2021-03-16 03:45:18', '0000-00-00 00:00:00', NULL, NULL, '2021-03-16 03:45:18', NULL),
(92, 'AC233FC09C60', NULL, NULL, NULL, '2021-03-16 03:45:18', '0000-00-00 00:00:00', NULL, NULL, '2021-03-16 03:45:18', NULL),
(93, 'AC233FC09C61', NULL, NULL, NULL, '2021-03-16 03:45:18', '0000-00-00 00:00:00', NULL, NULL, '2021-03-16 03:45:18', NULL),
(94, 'AC233FC09C62', NULL, NULL, NULL, '2021-03-16 03:45:18', '0000-00-00 00:00:00', NULL, NULL, '2021-03-16 03:45:18', NULL),
(95, 'AC233FC09C63', NULL, NULL, NULL, '2021-03-16 03:45:18', '0000-00-00 00:00:00', NULL, NULL, '2021-03-16 03:45:18', NULL),
(96, 'AC233FC09C64', NULL, NULL, NULL, '2021-03-16 03:45:18', '0000-00-00 00:00:00', NULL, NULL, '2021-03-16 03:45:18', NULL),
(97, 'AC233FC09C65', NULL, NULL, NULL, '2021-03-16 03:45:18', '0000-00-00 00:00:00', NULL, NULL, '2021-03-16 03:45:18', NULL),
(98, 'AC233FC09C66', NULL, NULL, NULL, '2021-03-16 03:45:18', '0000-00-00 00:00:00', NULL, NULL, '2021-03-16 03:45:18', NULL),
(99, 'AC233FC09C67', NULL, NULL, NULL, '2021-03-16 03:45:18', '0000-00-00 00:00:00', NULL, NULL, '2021-03-16 03:45:18', NULL),
(100, 'AC233FC09C68', NULL, NULL, NULL, '2021-03-16 03:45:18', '0000-00-00 00:00:00', NULL, NULL, '2021-03-16 03:45:18', NULL),
(101, 'AC233FC09C69', NULL, NULL, NULL, '2021-03-16 03:45:18', '0000-00-00 00:00:00', NULL, NULL, '2021-03-16 03:45:18', NULL),
(102, 'AC233FC09C6A', NULL, NULL, NULL, '2021-03-16 03:45:18', '0000-00-00 00:00:00', NULL, NULL, '2021-03-16 03:45:18', NULL),
(103, 'AC233FC09C6B', NULL, NULL, NULL, '2021-03-16 03:45:18', '0000-00-00 00:00:00', NULL, NULL, '2021-03-16 03:45:18', NULL),
(104, 'AC233FC09C6C', NULL, NULL, NULL, '2021-03-16 03:45:18', '0000-00-00 00:00:00', NULL, NULL, '2021-03-16 03:45:18', NULL),
(105, 'AC233FC09C6D', NULL, NULL, NULL, '2021-03-16 03:45:18', '0000-00-00 00:00:00', NULL, NULL, '2021-03-16 03:45:18', NULL),
(106, 'AC233FC09C6E', NULL, NULL, NULL, '2021-03-16 03:45:18', '0000-00-00 00:00:00', NULL, NULL, '2021-03-16 03:45:18', NULL),
(107, 'AC233FC09C6F', NULL, NULL, NULL, '2021-03-16 03:45:18', '0000-00-00 00:00:00', NULL, NULL, '2021-03-16 03:45:18', NULL),
(108, 'AC233FC09C70', NULL, NULL, NULL, '2021-03-16 03:45:18', '0000-00-00 00:00:00', NULL, NULL, '2021-03-16 03:45:18', NULL),
(109, 'AC233FC09C71', NULL, NULL, NULL, '2021-03-16 03:45:18', '0000-00-00 00:00:00', NULL, NULL, '2021-03-16 03:45:18', NULL),
(110, 'AC233FC09C72', NULL, NULL, NULL, '2021-03-16 03:45:18', '0000-00-00 00:00:00', NULL, NULL, '2021-03-16 03:45:18', NULL),
(111, 'AC233FC09C73', NULL, NULL, NULL, '2021-03-16 03:45:18', '0000-00-00 00:00:00', NULL, NULL, '2021-03-16 03:45:18', NULL),
(112, 'AC233FC09C74', NULL, NULL, NULL, '2021-03-16 03:45:18', '0000-00-00 00:00:00', NULL, NULL, '2021-03-16 03:45:18', NULL),
(113, 'AC233FC09C75', NULL, NULL, NULL, '2021-03-16 03:45:18', '0000-00-00 00:00:00', NULL, NULL, '2021-03-16 03:45:18', NULL),
(114, 'AC233FC09C76', NULL, NULL, NULL, '2021-03-16 03:45:18', '0000-00-00 00:00:00', NULL, NULL, '2021-03-16 03:45:18', NULL),
(115, 'AC233FC09C77', NULL, NULL, NULL, '2021-03-16 03:45:18', '0000-00-00 00:00:00', NULL, NULL, '2021-03-16 03:45:18', NULL),
(116, 'AC233FC09C78', NULL, NULL, NULL, '2021-03-16 03:45:18', '0000-00-00 00:00:00', NULL, NULL, '2021-03-16 03:45:18', NULL),
(117, 'AC233FC09C79', NULL, NULL, NULL, '2021-03-16 03:45:18', '0000-00-00 00:00:00', NULL, NULL, '2021-03-16 03:45:18', NULL),
(118, 'AC233FC09C7A', NULL, NULL, NULL, '2021-03-16 03:45:18', '0000-00-00 00:00:00', NULL, NULL, '2021-03-16 03:45:18', NULL),
(119, 'AC233FC09C7B', NULL, NULL, NULL, '2021-03-16 03:45:18', '0000-00-00 00:00:00', NULL, NULL, '2021-03-16 03:45:18', NULL),
(120, 'AC233FC09C7C', NULL, NULL, NULL, '2021-03-16 03:45:18', '0000-00-00 00:00:00', NULL, NULL, '2021-03-16 03:45:18', NULL),
(121, 'AC233FC09C7D', NULL, NULL, NULL, '2021-03-16 03:45:18', '0000-00-00 00:00:00', NULL, NULL, '2021-03-16 03:45:18', NULL),
(122, 'AC233FC09C7E', NULL, NULL, NULL, '2021-03-16 03:45:18', '0000-00-00 00:00:00', NULL, NULL, '2021-03-16 03:45:18', NULL),
(123, 'AC233FC09C7F', NULL, NULL, NULL, '2021-03-16 03:45:18', '0000-00-00 00:00:00', NULL, NULL, '2021-03-16 03:45:18', NULL),
(124, 'AC233FC09C80', NULL, NULL, NULL, '2021-03-16 03:45:18', '0000-00-00 00:00:00', NULL, NULL, '2021-03-16 03:45:18', NULL),
(125, 'AC233FC09C81', NULL, NULL, NULL, '2021-03-16 03:45:18', '0000-00-00 00:00:00', NULL, NULL, '2021-03-16 03:45:18', NULL),
(126, 'AC233FC09C82', NULL, NULL, NULL, '2021-03-16 03:45:18', '0000-00-00 00:00:00', NULL, NULL, '2021-03-16 03:45:18', NULL),
(127, 'AC233FC09C83', NULL, NULL, NULL, '2021-03-16 03:45:18', '0000-00-00 00:00:00', NULL, NULL, '2021-03-16 03:45:18', NULL),
(128, 'AC233FC09C84', NULL, NULL, NULL, '2021-03-16 03:45:18', '0000-00-00 00:00:00', NULL, NULL, '2021-03-16 03:45:18', NULL),
(129, 'AC233FC09C85', NULL, NULL, NULL, '2021-03-16 03:45:18', '0000-00-00 00:00:00', NULL, NULL, '2021-03-16 03:45:18', NULL),
(130, 'AC233FC09C86', NULL, NULL, NULL, '2021-03-16 03:45:18', '0000-00-00 00:00:00', NULL, NULL, '2021-03-16 03:45:18', NULL),
(131, 'AC233FC09C87', NULL, NULL, NULL, '2021-03-16 03:45:18', '0000-00-00 00:00:00', NULL, NULL, '2021-03-16 03:45:18', NULL),
(132, 'AC233FC09C88', NULL, NULL, NULL, '2021-03-16 03:45:18', '0000-00-00 00:00:00', NULL, NULL, '2021-03-16 03:45:18', NULL),
(133, 'AC233FC09C89', NULL, NULL, NULL, '2021-03-16 03:45:18', '0000-00-00 00:00:00', NULL, NULL, '2021-03-16 03:45:18', NULL),
(134, 'AC233FC09C8A', NULL, NULL, NULL, '2021-03-16 03:45:18', '0000-00-00 00:00:00', NULL, NULL, '2021-03-16 03:45:18', NULL),
(135, 'AC233FC09C8B', NULL, NULL, NULL, '2021-03-16 03:45:18', '0000-00-00 00:00:00', NULL, NULL, '2021-03-16 03:45:18', NULL),
(136, 'AC233FC09C8C', NULL, NULL, NULL, '2021-03-16 03:45:18', '0000-00-00 00:00:00', NULL, NULL, '2021-03-16 03:45:18', NULL),
(137, 'AC233FC09C8D', NULL, NULL, NULL, '2021-03-16 03:45:18', '0000-00-00 00:00:00', NULL, NULL, '2021-03-16 03:45:18', NULL),
(138, 'AC233FC09C8E', NULL, NULL, NULL, '2021-03-16 03:45:18', '0000-00-00 00:00:00', NULL, NULL, '2021-03-16 03:45:18', NULL),
(139, 'AC233FC09C8F', NULL, NULL, NULL, '2021-03-16 03:45:18', '0000-00-00 00:00:00', NULL, NULL, '2021-03-16 03:45:18', NULL),
(140, 'AC233FC09C90', NULL, NULL, NULL, '2021-03-16 03:45:18', '0000-00-00 00:00:00', NULL, NULL, '2021-03-16 03:45:18', NULL),
(141, 'AC233FC09C91', NULL, NULL, NULL, '2021-03-16 03:45:18', '0000-00-00 00:00:00', NULL, NULL, '2021-03-16 03:45:18', NULL),
(142, 'AC233FC09C92', NULL, NULL, NULL, '2021-03-16 03:45:18', '0000-00-00 00:00:00', NULL, NULL, '2021-03-16 03:45:18', NULL),
(143, 'AC233FC09C93', NULL, NULL, NULL, '2021-03-16 03:45:18', '0000-00-00 00:00:00', NULL, NULL, '2021-03-16 03:45:18', NULL),
(144, 'AC233FC09C94', NULL, NULL, NULL, '2021-03-16 03:45:18', '0000-00-00 00:00:00', NULL, NULL, '2021-03-16 03:45:18', NULL),
(145, 'AC233FC09C95', NULL, NULL, NULL, '2021-03-16 03:45:18', '0000-00-00 00:00:00', NULL, NULL, '2021-03-16 03:45:18', NULL),
(146, 'AC233FC09C96', NULL, NULL, NULL, '2021-03-16 03:45:18', '0000-00-00 00:00:00', NULL, NULL, '2021-03-16 03:45:18', NULL),
(147, 'AC233FC09C97', NULL, NULL, NULL, '2021-03-16 03:45:18', '0000-00-00 00:00:00', NULL, NULL, '2021-03-16 03:45:18', NULL),
(148, 'AC233FC09C98', NULL, NULL, NULL, '2021-03-16 03:45:18', '0000-00-00 00:00:00', NULL, NULL, '2021-03-16 03:45:18', NULL),
(149, 'AC233FC09C99', NULL, NULL, NULL, '2021-03-16 03:45:18', '0000-00-00 00:00:00', NULL, NULL, '2021-03-16 03:45:18', NULL),
(150, 'AC233FC09C9A', NULL, NULL, NULL, '2021-03-16 03:45:18', '0000-00-00 00:00:00', NULL, NULL, '2021-03-16 03:45:18', NULL),
(151, 'AC233FC09C9B', NULL, NULL, NULL, '2021-03-16 03:45:18', '0000-00-00 00:00:00', NULL, NULL, '2021-03-16 03:45:18', NULL),
(152, 'AC233FC09C9C', NULL, NULL, NULL, '2021-03-16 03:45:18', '0000-00-00 00:00:00', NULL, NULL, '2021-03-16 03:45:18', NULL),
(153, 'AC233FC09C9D', NULL, NULL, NULL, '2021-03-16 03:45:18', '0000-00-00 00:00:00', NULL, NULL, '2021-03-16 03:45:18', NULL),
(154, 'AC233FC09C9E', NULL, NULL, NULL, '2021-03-16 03:45:18', '0000-00-00 00:00:00', NULL, NULL, '2021-03-16 03:45:18', NULL),
(155, 'AC233FC09C9F', NULL, NULL, NULL, '2021-03-16 03:45:18', '0000-00-00 00:00:00', NULL, NULL, '2021-03-16 03:45:18', NULL),
(156, 'AC233FC09CA0', NULL, NULL, NULL, '2021-03-16 03:45:18', '0000-00-00 00:00:00', NULL, NULL, '2021-03-16 03:45:18', NULL),
(157, 'AC233FC09CA1', NULL, NULL, NULL, '2021-03-16 03:45:18', '0000-00-00 00:00:00', NULL, NULL, '2021-03-16 03:45:18', NULL),
(158, 'AC233FC09CA2', NULL, NULL, NULL, '2021-03-16 03:45:18', '0000-00-00 00:00:00', NULL, NULL, '2021-03-16 03:45:18', NULL),
(159, 'AC233FC09CA3', NULL, NULL, NULL, '2021-03-16 03:45:18', '0000-00-00 00:00:00', NULL, NULL, '2021-03-16 03:45:18', NULL),
(160, 'AC233FC09CA4', NULL, NULL, NULL, '2021-03-16 03:45:18', '0000-00-00 00:00:00', NULL, NULL, '2021-03-16 03:45:18', NULL),
(161, 'AC233FC09CA5', NULL, NULL, NULL, '2021-03-16 03:45:18', '0000-00-00 00:00:00', NULL, NULL, '2021-03-16 03:45:18', NULL),
(162, 'AC233FC09CA6', NULL, NULL, NULL, '2021-03-16 03:45:18', '0000-00-00 00:00:00', NULL, NULL, '2021-03-16 03:45:18', NULL),
(163, 'AC233FC09CA7', NULL, NULL, NULL, '2021-03-16 03:45:18', '0000-00-00 00:00:00', NULL, NULL, '2021-03-16 03:45:18', NULL),
(164, 'AC233FC09CA8', NULL, NULL, NULL, '2021-03-16 03:45:18', '0000-00-00 00:00:00', NULL, NULL, '2021-03-16 03:45:18', NULL),
(165, 'AC233FC09CA9', NULL, NULL, NULL, '2021-03-16 03:45:18', '0000-00-00 00:00:00', NULL, NULL, '2021-03-16 03:45:18', NULL),
(166, 'AC233FC09CAA', NULL, NULL, NULL, '2021-03-16 03:45:18', '0000-00-00 00:00:00', NULL, NULL, '2021-03-16 03:45:18', NULL),
(167, 'AC233FC09CAB', NULL, NULL, NULL, '2021-03-16 03:45:18', '0000-00-00 00:00:00', NULL, NULL, '2021-03-16 03:45:18', NULL),
(168, 'AC233FC09CAC', NULL, NULL, NULL, '2021-03-16 03:45:18', '0000-00-00 00:00:00', NULL, NULL, '2021-03-16 03:45:18', NULL),
(169, 'AC233FC09CAD', NULL, NULL, NULL, '2021-03-16 03:45:18', '0000-00-00 00:00:00', NULL, NULL, '2021-03-16 03:45:18', NULL),
(170, 'AC233FC09CAE', NULL, NULL, NULL, '2021-03-16 03:45:18', '0000-00-00 00:00:00', NULL, NULL, '2021-03-16 03:45:18', NULL),
(171, 'AC233FC09CAF', NULL, NULL, NULL, '2021-03-16 03:45:18', '0000-00-00 00:00:00', NULL, NULL, '2021-03-16 03:45:18', NULL),
(172, 'AC233FC09CB0', NULL, NULL, NULL, '2021-03-16 03:45:18', '0000-00-00 00:00:00', NULL, NULL, '2021-03-16 03:45:18', NULL),
(173, 'AC233FC09CB1', NULL, NULL, NULL, '2021-03-16 03:45:18', '0000-00-00 00:00:00', NULL, NULL, '2021-03-16 03:45:18', NULL),
(174, 'AC233FC09CB2', NULL, NULL, NULL, '2021-03-16 03:45:18', '0000-00-00 00:00:00', NULL, NULL, '2021-03-16 03:45:18', NULL),
(175, 'AC233FC09CB3', NULL, NULL, NULL, '2021-03-16 03:45:18', '0000-00-00 00:00:00', NULL, NULL, '2021-03-16 03:45:18', NULL),
(176, 'AC233FC09CB4', NULL, NULL, NULL, '2021-03-16 03:45:18', '0000-00-00 00:00:00', NULL, NULL, '2021-03-16 03:45:18', NULL),
(177, 'AC233FC09CB5', NULL, NULL, NULL, '2021-03-16 03:45:18', '0000-00-00 00:00:00', NULL, NULL, '2021-03-16 03:45:18', NULL),
(178, 'AC233FC09CB6', NULL, NULL, NULL, '2021-03-16 03:45:18', '0000-00-00 00:00:00', NULL, NULL, '2021-03-16 03:45:18', NULL),
(179, 'AC233FC09CB7', NULL, NULL, NULL, '2021-03-16 03:45:18', '0000-00-00 00:00:00', NULL, NULL, '2021-03-16 03:45:18', NULL),
(180, 'AC233FC09CB8', NULL, NULL, NULL, '2021-03-16 03:45:18', '0000-00-00 00:00:00', NULL, NULL, '2021-03-16 03:45:18', NULL),
(181, 'AC233FC09CB9', NULL, NULL, NULL, '2021-03-16 03:45:18', '0000-00-00 00:00:00', NULL, NULL, '2021-03-16 03:45:18', NULL),
(182, 'AC233FC09CBA', NULL, NULL, NULL, '2021-03-16 03:45:18', '0000-00-00 00:00:00', NULL, NULL, '2021-03-16 03:45:18', NULL),
(183, 'AC233FC09CBB', NULL, NULL, NULL, '2021-03-16 03:45:18', '0000-00-00 00:00:00', NULL, NULL, '2021-03-16 03:45:18', NULL),
(184, 'AC233FC09CBC', NULL, NULL, NULL, '2021-03-16 03:45:18', '0000-00-00 00:00:00', NULL, NULL, '2021-03-16 03:45:18', NULL),
(185, 'AC233FC09CBD', NULL, NULL, NULL, '2021-03-16 03:45:18', '0000-00-00 00:00:00', NULL, NULL, '2021-03-16 03:45:18', NULL),
(186, 'AC233FC09CBE', NULL, NULL, NULL, '2021-03-16 03:45:18', '0000-00-00 00:00:00', NULL, NULL, '2021-03-16 03:45:18', NULL),
(187, 'AC233FC09CBF', NULL, NULL, NULL, '2021-03-16 03:45:18', '0000-00-00 00:00:00', NULL, NULL, '2021-03-16 03:45:18', NULL),
(188, 'AC233FC09CC0', NULL, NULL, NULL, '2021-03-16 03:45:18', '0000-00-00 00:00:00', NULL, NULL, '2021-03-16 03:45:18', NULL),
(189, 'AC233FC09CC1', NULL, NULL, NULL, '2021-03-16 03:45:18', '0000-00-00 00:00:00', NULL, NULL, '2021-03-16 03:45:18', NULL),
(190, 'AC233FC09CC2', NULL, NULL, NULL, '2021-03-16 03:45:18', '0000-00-00 00:00:00', NULL, NULL, '2021-03-16 03:45:18', NULL),
(191, 'AC233FC09CC3', NULL, NULL, NULL, '2021-03-16 03:45:18', '0000-00-00 00:00:00', NULL, NULL, '2021-03-16 03:45:18', NULL),
(192, 'AC233FC09CC4', NULL, NULL, NULL, '2021-03-16 03:45:18', '0000-00-00 00:00:00', NULL, NULL, '2021-03-16 03:45:18', NULL),
(193, 'AC233FC09CC5', NULL, NULL, NULL, '2021-03-16 03:45:18', '0000-00-00 00:00:00', NULL, NULL, '2021-03-16 03:45:18', NULL),
(194, 'AC233FC09CC6', NULL, NULL, NULL, '2021-03-16 03:45:18', '0000-00-00 00:00:00', NULL, NULL, '2021-03-16 03:45:18', NULL),
(195, 'AC233FC09CC7', NULL, NULL, NULL, '2021-03-16 03:45:18', '0000-00-00 00:00:00', NULL, NULL, '2021-03-16 03:45:18', NULL),
(196, 'AC233FC09CC8', NULL, NULL, NULL, '2021-03-16 03:45:18', '0000-00-00 00:00:00', NULL, NULL, '2021-03-16 03:45:18', NULL),
(197, 'AC233FC09CC9', NULL, NULL, NULL, '2021-03-16 03:45:18', '0000-00-00 00:00:00', NULL, NULL, '2021-03-16 03:45:18', NULL),
(198, 'AC233FC09CCA', NULL, NULL, NULL, '2021-03-16 03:45:18', '0000-00-00 00:00:00', NULL, NULL, '2021-03-16 03:45:18', NULL),
(199, 'AC233FC09CCB', NULL, NULL, NULL, '2021-03-16 03:45:18', '0000-00-00 00:00:00', NULL, NULL, '2021-03-16 03:45:18', NULL),
(200, 'AC233FC09CCC', NULL, NULL, NULL, '2021-03-16 03:45:18', '0000-00-00 00:00:00', NULL, NULL, '2021-03-16 03:45:18', NULL),
(201, 'AC233FC09CCD', NULL, NULL, NULL, '2021-03-16 03:45:18', '0000-00-00 00:00:00', NULL, NULL, '2021-03-16 03:45:18', NULL),
(202, 'AC233FC09CCE', NULL, NULL, NULL, '2021-03-16 03:45:18', '0000-00-00 00:00:00', NULL, NULL, '2021-03-16 03:45:18', NULL),
(203, 'AC233FC09CCF', NULL, NULL, NULL, '2021-03-16 03:45:18', '0000-00-00 00:00:00', NULL, NULL, '2021-03-16 03:45:18', NULL),
(204, 'AC233FC09CD0', NULL, NULL, NULL, '2021-03-16 03:45:18', '0000-00-00 00:00:00', NULL, NULL, '2021-03-16 03:45:18', NULL),
(205, 'AC233FC09CD1', NULL, NULL, NULL, '2021-03-16 03:45:18', '0000-00-00 00:00:00', NULL, NULL, '2021-03-16 03:45:18', NULL),
(206, 'AC233FC09CD2', NULL, NULL, NULL, '2021-03-16 03:45:18', '0000-00-00 00:00:00', NULL, NULL, '2021-03-16 03:45:18', NULL),
(207, 'AC233FC09CD3', NULL, NULL, NULL, '2021-03-16 03:45:18', '0000-00-00 00:00:00', NULL, NULL, '2021-03-16 03:45:18', NULL),
(208, 'AC233FC09CD4', NULL, NULL, NULL, '2021-03-16 03:45:18', '0000-00-00 00:00:00', NULL, NULL, '2021-03-16 03:45:18', NULL),
(209, 'AC233FC09CD5', NULL, NULL, NULL, '2021-03-16 03:45:18', '0000-00-00 00:00:00', NULL, NULL, '2021-03-16 03:45:18', NULL),
(210, 'AC233FC09CD6', NULL, NULL, NULL, '2021-03-16 03:45:18', '0000-00-00 00:00:00', NULL, NULL, '2021-03-16 03:45:18', NULL),
(211, 'AC233FC09CD7', NULL, NULL, NULL, '2021-03-16 03:45:18', '0000-00-00 00:00:00', NULL, NULL, '2021-03-16 03:45:18', NULL),
(212, 'AC233FC09CD8', NULL, NULL, NULL, '2021-03-16 03:45:18', '0000-00-00 00:00:00', NULL, NULL, '2021-03-16 03:45:18', NULL),
(213, 'AC233FC09CD9', NULL, NULL, NULL, '2021-03-16 03:45:18', '0000-00-00 00:00:00', NULL, NULL, '2021-03-16 03:45:18', NULL),
(214, 'AC233FC09CDA', NULL, NULL, NULL, '2021-03-16 03:45:18', '0000-00-00 00:00:00', NULL, NULL, '2021-03-16 03:45:18', NULL),
(215, 'AC233FC09CDB', NULL, NULL, NULL, '2021-03-16 03:45:18', '0000-00-00 00:00:00', NULL, NULL, '2021-03-16 03:45:18', NULL),
(216, 'AC233FC09CDC', NULL, NULL, NULL, '2021-03-16 03:45:18', '0000-00-00 00:00:00', NULL, NULL, '2021-03-16 03:45:18', NULL),
(217, 'AC233FC09CDD', NULL, NULL, NULL, '2021-03-16 03:45:18', '0000-00-00 00:00:00', NULL, NULL, '2021-03-16 03:45:18', NULL),
(218, 'AC233FC09CDE', NULL, NULL, NULL, '2021-03-16 03:45:18', '0000-00-00 00:00:00', NULL, NULL, '2021-03-16 03:45:18', NULL),
(219, 'AC233FC09CDF', NULL, NULL, NULL, '2021-03-16 03:45:18', '0000-00-00 00:00:00', NULL, NULL, '2021-03-16 03:45:18', NULL),
(220, 'AC233FC09CE0', NULL, NULL, NULL, '2021-03-16 03:45:18', '0000-00-00 00:00:00', NULL, NULL, '2021-03-16 03:45:18', NULL),
(221, 'AC233FC09CE1', NULL, NULL, NULL, '2021-03-16 03:45:18', '0000-00-00 00:00:00', NULL, NULL, '2021-03-16 03:45:18', NULL),
(222, 'AC233FC09CE2', NULL, NULL, NULL, '2021-03-16 03:45:18', '0000-00-00 00:00:00', NULL, NULL, '2021-03-16 03:45:18', NULL),
(223, 'AC233FC09CE3', NULL, NULL, NULL, '2021-03-16 03:45:18', '0000-00-00 00:00:00', NULL, NULL, '2021-03-16 03:45:18', NULL),
(224, 'AC233FC09CE4', NULL, NULL, NULL, '2021-03-16 03:45:18', '0000-00-00 00:00:00', NULL, NULL, '2021-03-16 03:45:18', NULL),
(225, 'AC233FC09CE5', NULL, NULL, NULL, '2021-03-16 03:45:18', '0000-00-00 00:00:00', NULL, NULL, '2021-03-16 03:45:18', NULL),
(226, 'AC233FC09CE6', NULL, NULL, NULL, '2021-03-16 03:45:18', '0000-00-00 00:00:00', NULL, NULL, '2021-03-16 03:45:18', NULL),
(227, 'AC233FC09CE7', NULL, NULL, NULL, '2021-03-16 03:45:18', '0000-00-00 00:00:00', NULL, NULL, '2021-03-16 03:45:18', NULL),
(228, 'AC233FC09CE8', NULL, NULL, NULL, '2021-03-16 03:45:18', '0000-00-00 00:00:00', NULL, NULL, '2021-03-16 03:45:18', NULL),
(229, 'AC233FC09CE9', NULL, NULL, NULL, '2021-03-16 03:45:18', '0000-00-00 00:00:00', NULL, NULL, '2021-03-16 03:45:18', NULL),
(230, 'AC233FC09CEA', NULL, NULL, NULL, '2021-03-16 03:45:18', '0000-00-00 00:00:00', NULL, NULL, '2021-03-16 03:45:18', NULL),
(231, 'AC233FC09CEB', NULL, NULL, NULL, '2021-03-16 03:45:18', '0000-00-00 00:00:00', NULL, NULL, '2021-03-16 03:45:18', NULL),
(232, 'AC233FC09CEC', NULL, NULL, NULL, '2021-03-16 03:45:18', '0000-00-00 00:00:00', NULL, NULL, '2021-03-16 03:45:18', NULL),
(233, 'AC233FC09CED', NULL, NULL, NULL, '2021-03-16 03:45:18', '0000-00-00 00:00:00', NULL, NULL, '2021-03-16 03:45:18', NULL),
(234, 'AC233FC09CEE', NULL, NULL, NULL, '2021-03-16 03:45:18', '0000-00-00 00:00:00', NULL, NULL, '2021-03-16 03:45:18', NULL),
(235, 'AC233FC09CEF', NULL, NULL, NULL, '2021-03-16 03:45:18', '0000-00-00 00:00:00', NULL, NULL, '2021-03-16 03:45:18', NULL),
(236, 'AC233FC09CF0', NULL, NULL, NULL, '2021-03-16 03:45:18', '0000-00-00 00:00:00', NULL, NULL, '2021-03-16 03:45:18', NULL),
(237, 'AC233FC09CF1', NULL, NULL, NULL, '2021-03-16 03:45:18', '0000-00-00 00:00:00', NULL, NULL, '2021-03-16 03:45:18', NULL),
(238, 'AC233FC09CF2', NULL, NULL, NULL, '2021-03-16 03:45:18', '0000-00-00 00:00:00', NULL, NULL, '2021-03-16 03:45:18', NULL),
(239, 'AC233FC09CF3', NULL, NULL, NULL, '2021-03-16 03:45:18', '0000-00-00 00:00:00', NULL, NULL, '2021-03-16 03:45:18', NULL),
(240, 'AC233FC09CF4', NULL, NULL, NULL, '2021-03-16 03:45:18', '0000-00-00 00:00:00', NULL, NULL, '2021-03-16 03:45:18', NULL),
(241, 'AC233FC09CF5', NULL, NULL, NULL, '2021-03-16 03:45:18', '0000-00-00 00:00:00', NULL, NULL, '2021-03-16 03:45:18', NULL),
(242, 'AC233FC09CF6', NULL, NULL, NULL, '2021-03-16 03:45:18', '0000-00-00 00:00:00', NULL, NULL, '2021-03-16 03:45:18', NULL),
(243, 'AC233FC09CF7', NULL, NULL, NULL, '2021-03-16 03:45:18', '0000-00-00 00:00:00', NULL, NULL, '2021-03-16 03:45:18', NULL),
(244, 'AC233FC09CF8', NULL, NULL, NULL, '2021-03-16 03:45:18', '0000-00-00 00:00:00', NULL, NULL, '2021-03-16 03:45:18', NULL),
(245, 'AC233FC09CF9', NULL, NULL, NULL, '2021-03-16 03:45:18', '0000-00-00 00:00:00', NULL, NULL, '2021-03-16 03:45:18', NULL),
(246, 'AC233FC09CFA', NULL, NULL, NULL, '2021-03-16 03:45:18', '0000-00-00 00:00:00', NULL, NULL, '2021-03-16 03:45:18', NULL),
(247, 'AC233FC09CFB', NULL, NULL, NULL, '2021-03-16 03:45:18', '0000-00-00 00:00:00', NULL, NULL, '2021-03-16 03:45:18', NULL),
(248, 'AC233FC09CFC', NULL, NULL, NULL, '2021-03-16 03:45:18', '0000-00-00 00:00:00', NULL, NULL, '2021-03-16 03:45:18', NULL),
(249, 'AC233FC09CFD', NULL, NULL, NULL, '2021-03-16 03:45:18', '0000-00-00 00:00:00', NULL, NULL, '2021-03-16 03:45:18', NULL),
(250, 'AC233FC09CFE', NULL, NULL, NULL, '2021-03-16 03:45:18', '0000-00-00 00:00:00', NULL, NULL, '2021-03-16 03:45:18', NULL),
(251, 'AC233FC09CFF', NULL, NULL, NULL, '2021-03-16 03:45:18', '0000-00-00 00:00:00', NULL, NULL, '2021-03-16 03:45:18', NULL),
(252, 'AC233FC09D00', NULL, NULL, NULL, '2021-03-16 03:45:18', '0000-00-00 00:00:00', NULL, NULL, '2021-03-16 03:45:18', NULL),
(253, 'AC233FC09D01', NULL, NULL, NULL, '2021-03-16 03:45:18', '0000-00-00 00:00:00', NULL, NULL, '2021-03-16 03:45:18', NULL),
(254, 'AC233FC09D02', NULL, NULL, NULL, '2021-03-16 03:45:18', '0000-00-00 00:00:00', NULL, NULL, '2021-03-16 03:45:18', NULL),
(255, 'AC233FC09D03', NULL, NULL, NULL, '2021-03-16 03:45:18', '0000-00-00 00:00:00', NULL, NULL, '2021-03-16 03:45:18', NULL),
(256, 'AC233FC09D04', NULL, NULL, NULL, '2021-03-16 03:45:18', '0000-00-00 00:00:00', NULL, NULL, '2021-03-16 03:45:18', NULL),
(257, 'AC233FC09D05', NULL, NULL, NULL, '2021-03-16 03:45:18', '0000-00-00 00:00:00', NULL, NULL, '2021-03-16 03:45:18', NULL),
(258, 'AC233FC09D06', NULL, NULL, NULL, '2021-03-16 03:45:18', '0000-00-00 00:00:00', NULL, NULL, '2021-03-16 03:45:18', NULL),
(259, 'AC233FC09D07', NULL, NULL, NULL, '2021-03-16 03:45:18', '0000-00-00 00:00:00', NULL, NULL, '2021-03-16 03:45:18', NULL),
(260, 'AC233FC09D08', NULL, NULL, NULL, '2021-03-16 03:45:18', '0000-00-00 00:00:00', NULL, NULL, '2021-03-16 03:45:18', NULL),
(261, 'AC233FC09D09', NULL, NULL, NULL, '2021-03-16 03:45:18', '0000-00-00 00:00:00', NULL, NULL, '2021-03-16 03:45:18', NULL),
(262, 'AC233FC09D0A', NULL, NULL, NULL, '2021-03-16 03:45:18', '0000-00-00 00:00:00', NULL, NULL, '2021-03-16 03:45:18', NULL),
(263, 'AC233FC09D0B', NULL, NULL, NULL, '2021-03-16 03:45:18', '0000-00-00 00:00:00', NULL, NULL, '2021-03-16 03:45:18', NULL),
(264, 'AC233FC09D0C', NULL, NULL, NULL, '2021-03-16 03:45:18', '0000-00-00 00:00:00', NULL, NULL, '2021-03-16 03:45:18', NULL),
(265, 'AC233FC09D0D', NULL, NULL, NULL, '2021-03-16 03:45:18', '0000-00-00 00:00:00', NULL, NULL, '2021-03-16 03:45:18', NULL),
(266, 'AC233FC09D0E', NULL, NULL, NULL, '2021-03-16 03:45:18', '0000-00-00 00:00:00', NULL, NULL, '2021-03-16 03:45:18', NULL),
(267, 'AC233FC09D0F', NULL, NULL, NULL, '2021-03-16 03:45:18', '0000-00-00 00:00:00', NULL, NULL, '2021-03-16 03:45:18', NULL),
(268, 'AC233FC09D10', NULL, NULL, NULL, '2021-03-16 03:45:18', '0000-00-00 00:00:00', NULL, NULL, '2021-03-16 03:45:18', NULL),
(269, 'AC233FC09D11', NULL, NULL, NULL, '2021-03-16 03:45:18', '0000-00-00 00:00:00', NULL, NULL, '2021-03-16 03:45:18', NULL),
(270, 'AC233FC09D12', NULL, NULL, NULL, '2021-03-16 03:45:18', '0000-00-00 00:00:00', NULL, NULL, '2021-03-16 03:45:18', NULL),
(271, 'AC233FC09D13', NULL, NULL, NULL, '2021-03-16 03:45:18', '0000-00-00 00:00:00', NULL, NULL, '2021-03-16 03:45:18', NULL),
(272, 'AC233FC09D14', NULL, NULL, NULL, '2021-03-16 03:45:18', '0000-00-00 00:00:00', NULL, NULL, '2021-03-16 03:45:18', NULL),
(273, 'AC233FC09D15', NULL, NULL, NULL, '2021-03-16 03:45:18', '0000-00-00 00:00:00', NULL, NULL, '2021-03-16 03:45:18', NULL),
(274, 'AC233FC09D16', NULL, NULL, NULL, '2021-03-16 03:45:18', '0000-00-00 00:00:00', NULL, NULL, '2021-03-16 03:45:18', NULL),
(275, 'AC233FC09D17', NULL, NULL, NULL, '2021-03-16 03:45:18', '0000-00-00 00:00:00', NULL, NULL, '2021-03-16 03:45:18', NULL),
(276, 'AC233FC09D18', NULL, NULL, NULL, '2021-03-16 03:45:18', '0000-00-00 00:00:00', NULL, NULL, '2021-03-16 03:45:18', NULL),
(277, 'AC233FC09D19', NULL, NULL, NULL, '2021-03-16 03:45:18', '0000-00-00 00:00:00', NULL, NULL, '2021-03-16 03:45:18', NULL),
(278, 'AC233FC09D1A', NULL, NULL, NULL, '2021-03-16 03:45:18', '0000-00-00 00:00:00', NULL, NULL, '2021-03-16 03:45:18', NULL),
(279, 'AC233FC09D1B', NULL, NULL, NULL, '2021-03-16 03:45:18', '0000-00-00 00:00:00', NULL, NULL, '2021-03-16 03:45:18', NULL),
(280, 'AC233FC09D1C', NULL, NULL, NULL, '2021-03-16 03:45:18', '0000-00-00 00:00:00', NULL, NULL, '2021-03-16 03:45:18', NULL),
(281, 'AC233FC09D1D', NULL, NULL, NULL, '2021-03-16 03:45:18', '0000-00-00 00:00:00', NULL, NULL, '2021-03-16 03:45:18', NULL),
(282, 'AC233FC09D1E', NULL, NULL, NULL, '2021-03-16 03:45:18', '0000-00-00 00:00:00', NULL, NULL, '2021-03-16 03:45:18', NULL),
(283, 'AC233FC09D1F', NULL, NULL, NULL, '2021-03-16 03:45:18', '0000-00-00 00:00:00', NULL, NULL, '2021-03-16 03:45:18', NULL),
(284, 'AC233FC09D20', NULL, NULL, NULL, '2021-03-16 03:45:18', '0000-00-00 00:00:00', NULL, NULL, '2021-03-16 03:45:18', NULL),
(285, 'AC233FC09D21', NULL, NULL, NULL, '2021-03-16 03:45:18', '0000-00-00 00:00:00', NULL, NULL, '2021-03-16 03:45:18', NULL),
(286, 'AC233FC09D22', NULL, NULL, NULL, '2021-03-16 03:45:18', '0000-00-00 00:00:00', NULL, NULL, '2021-03-16 03:45:18', NULL),
(287, 'AC233FC09D23', NULL, NULL, NULL, '2021-03-16 03:45:18', '0000-00-00 00:00:00', NULL, NULL, '2021-03-16 03:45:18', NULL),
(288, 'AC233FC09D24', NULL, NULL, NULL, '2021-03-16 03:45:18', '0000-00-00 00:00:00', NULL, NULL, '2021-03-16 03:45:18', NULL),
(289, 'AC233FC09D25', NULL, NULL, NULL, '2021-03-16 03:45:18', '0000-00-00 00:00:00', NULL, NULL, '2021-03-16 03:45:18', NULL),
(290, 'AC233FC09D26', NULL, NULL, NULL, '2021-03-16 03:45:18', '0000-00-00 00:00:00', NULL, NULL, '2021-03-16 03:45:18', NULL),
(291, 'AC233FC09D27', NULL, NULL, NULL, '2021-03-16 03:45:18', '0000-00-00 00:00:00', NULL, NULL, '2021-03-16 03:45:18', NULL),
(292, 'AC233FC09D28', NULL, NULL, NULL, '2021-03-16 03:45:18', '0000-00-00 00:00:00', NULL, NULL, '2021-03-16 03:45:18', NULL),
(293, 'AC233FC09D29', NULL, NULL, NULL, '2021-03-16 03:45:18', '0000-00-00 00:00:00', NULL, NULL, '2021-03-16 03:45:18', NULL),
(294, 'AC233FC09D2A', NULL, NULL, NULL, '2021-03-16 03:45:18', '0000-00-00 00:00:00', NULL, NULL, '2021-03-16 03:45:18', NULL),
(295, 'AC233FC09D2B', NULL, NULL, NULL, '2021-03-16 03:45:18', '0000-00-00 00:00:00', NULL, NULL, '2021-03-16 03:45:18', NULL),
(296, 'AC233FC09D2C', NULL, NULL, NULL, '2021-03-16 03:45:18', '0000-00-00 00:00:00', NULL, NULL, '2021-03-16 03:45:18', NULL),
(297, 'AC233FC09D2D', NULL, NULL, NULL, '2021-03-16 03:45:18', '0000-00-00 00:00:00', NULL, NULL, '2021-03-16 03:45:18', NULL),
(298, 'AC233FC09D2E', NULL, NULL, NULL, '2021-03-16 03:45:18', '0000-00-00 00:00:00', NULL, NULL, '2021-03-16 03:45:18', NULL),
(299, 'AC233FC09D2F', NULL, NULL, NULL, '2021-03-16 03:45:18', '0000-00-00 00:00:00', NULL, NULL, '2021-03-16 03:45:18', NULL),
(300, 'AC233FC09D30', NULL, NULL, NULL, '2021-03-16 03:45:18', '0000-00-00 00:00:00', NULL, NULL, '2021-03-16 03:45:18', NULL),
(301, 'AC233FC09D31', NULL, NULL, NULL, '2021-03-16 03:45:18', '0000-00-00 00:00:00', NULL, NULL, '2021-03-16 03:45:18', NULL),
(302, 'AC233FC09D32', NULL, NULL, NULL, '2021-03-16 03:45:18', '0000-00-00 00:00:00', NULL, NULL, '2021-03-16 03:45:18', NULL),
(303, 'AC233FC09D33', NULL, NULL, NULL, '2021-03-16 03:45:18', '0000-00-00 00:00:00', NULL, NULL, '2021-03-16 03:45:18', NULL),
(304, 'AC233FC09D34', NULL, NULL, NULL, '2021-03-16 03:45:18', '0000-00-00 00:00:00', NULL, NULL, '2021-03-16 03:45:18', NULL),
(305, 'AC233FC09D35', NULL, NULL, NULL, '2021-03-16 03:45:18', '0000-00-00 00:00:00', NULL, NULL, '2021-03-16 03:45:18', NULL),
(306, 'AC233FC09D36', NULL, NULL, NULL, '2021-03-16 03:45:18', '0000-00-00 00:00:00', NULL, NULL, '2021-03-16 03:45:18', NULL),
(307, 'AC233FC09D37', NULL, NULL, NULL, '2021-03-16 03:45:18', '0000-00-00 00:00:00', NULL, NULL, '2021-03-16 03:45:18', NULL),
(308, 'AC233FC09D38', NULL, NULL, NULL, '2021-03-16 03:45:18', '0000-00-00 00:00:00', NULL, NULL, '2021-03-16 03:45:18', NULL),
(309, 'AC233FC09D39', NULL, NULL, NULL, '2021-03-16 03:45:18', '0000-00-00 00:00:00', NULL, NULL, '2021-03-16 03:45:18', NULL),
(310, 'AC233FC09D3A', NULL, NULL, NULL, '2021-03-16 03:45:18', '0000-00-00 00:00:00', NULL, NULL, '2021-03-16 03:45:18', NULL),
(311, 'AC233FC09D3B', NULL, NULL, NULL, '2021-03-16 03:45:18', '0000-00-00 00:00:00', NULL, NULL, '2021-03-16 03:45:18', NULL),
(312, 'AC233FC09D3C', NULL, NULL, NULL, '2021-03-16 03:45:18', '0000-00-00 00:00:00', NULL, NULL, '2021-03-16 03:45:18', NULL),
(313, 'AC233FC09D3D', NULL, NULL, NULL, '2021-03-16 03:45:18', '0000-00-00 00:00:00', NULL, NULL, '2021-03-16 03:45:18', NULL),
(314, 'AC233FC09D3E', NULL, NULL, NULL, '2021-03-16 03:45:18', '0000-00-00 00:00:00', NULL, NULL, '2021-03-16 03:45:18', NULL),
(315, 'AC233FC09D3F', NULL, NULL, NULL, '2021-03-16 03:45:18', '0000-00-00 00:00:00', NULL, NULL, '2021-03-16 03:45:18', NULL),
(316, 'AC233FC09D40', NULL, NULL, NULL, '2021-03-16 03:45:18', '0000-00-00 00:00:00', NULL, NULL, '2021-03-16 03:45:18', NULL),
(317, 'AC233FC09D41', NULL, NULL, NULL, '2021-03-16 03:45:18', '0000-00-00 00:00:00', NULL, NULL, '2021-03-16 03:45:18', NULL),
(318, 'AC233FC09D42', NULL, NULL, NULL, '2021-03-16 03:45:18', '0000-00-00 00:00:00', NULL, NULL, '2021-03-16 03:45:18', NULL),
(319, 'AC233FC09D43', NULL, NULL, NULL, '2021-03-16 03:45:18', '0000-00-00 00:00:00', NULL, NULL, '2021-03-16 03:45:18', NULL),
(320, 'AC233FC09D44', NULL, NULL, NULL, '2021-03-16 03:45:18', '0000-00-00 00:00:00', NULL, NULL, '2021-03-16 03:45:18', NULL),
(321, 'AC233FC09D45', NULL, NULL, NULL, '2021-03-16 03:45:18', '0000-00-00 00:00:00', NULL, NULL, '2021-03-16 03:45:18', NULL),
(322, 'AC233FC09D46', NULL, NULL, NULL, '2021-03-16 03:45:18', '0000-00-00 00:00:00', NULL, NULL, '2021-03-16 03:45:18', NULL),
(323, 'AC233FC09D47', NULL, NULL, NULL, '2021-03-16 03:45:18', '0000-00-00 00:00:00', NULL, NULL, '2021-03-16 03:45:18', NULL),
(324, 'AC233FC09D48', NULL, NULL, NULL, '2021-03-16 03:45:18', '0000-00-00 00:00:00', NULL, NULL, '2021-03-16 03:45:18', NULL),
(325, 'AC233FC09D49', NULL, NULL, NULL, '2021-03-16 03:45:18', '0000-00-00 00:00:00', NULL, NULL, '2021-03-16 03:45:18', NULL),
(326, 'AC233FC09D4A', NULL, NULL, NULL, '2021-03-16 03:45:18', '0000-00-00 00:00:00', NULL, NULL, '2021-03-16 03:45:18', NULL),
(327, 'AC233FC09D4B', NULL, NULL, NULL, '2021-03-16 03:45:18', '0000-00-00 00:00:00', NULL, NULL, '2021-03-16 03:45:18', NULL),
(328, 'AC233FC09D4C', NULL, NULL, NULL, '2021-03-16 03:45:18', '0000-00-00 00:00:00', NULL, NULL, '2021-03-16 03:45:18', NULL),
(329, 'AC233FC09D4D', NULL, NULL, NULL, '2021-03-16 03:45:18', '0000-00-00 00:00:00', NULL, NULL, '2021-03-16 03:45:18', NULL),
(330, 'AC233FC09D4E', NULL, NULL, NULL, '2021-03-16 03:45:18', '0000-00-00 00:00:00', NULL, NULL, '2021-03-16 03:45:18', NULL),
(331, 'AC233FC09D4F', NULL, NULL, NULL, '2021-03-16 03:45:18', '0000-00-00 00:00:00', NULL, NULL, '2021-03-16 03:45:18', NULL),
(332, 'AC233FC09D50', NULL, NULL, NULL, '2021-03-16 03:45:18', '0000-00-00 00:00:00', NULL, NULL, '2021-03-16 03:45:18', NULL),
(333, 'AC233FC09D51', NULL, NULL, NULL, '2021-03-16 03:45:18', '0000-00-00 00:00:00', NULL, NULL, '2021-03-16 03:45:18', NULL),
(334, 'AC233FC09D52', NULL, NULL, NULL, '2021-03-16 03:45:18', '0000-00-00 00:00:00', NULL, NULL, '2021-03-16 03:45:18', NULL),
(335, 'AC233FC09D53', NULL, NULL, NULL, '2021-03-16 03:45:18', '0000-00-00 00:00:00', NULL, NULL, '2021-03-16 03:45:18', NULL),
(336, 'AC233FC09D54', NULL, NULL, NULL, '2021-03-16 03:45:18', '0000-00-00 00:00:00', NULL, NULL, '2021-03-16 03:45:18', NULL),
(337, 'AC233FC09D55', NULL, NULL, NULL, '2021-03-16 03:45:18', '0000-00-00 00:00:00', NULL, NULL, '2021-03-16 03:45:18', NULL),
(338, 'AC233FC09D56', NULL, NULL, NULL, '2021-03-16 03:45:18', '0000-00-00 00:00:00', NULL, NULL, '2021-03-16 03:45:18', NULL),
(339, 'AC233FC09D57', NULL, NULL, NULL, '2021-03-16 03:45:18', '0000-00-00 00:00:00', NULL, NULL, '2021-03-16 03:45:18', NULL),
(340, 'AC233FC09D58', NULL, NULL, NULL, '2021-03-16 03:45:18', '0000-00-00 00:00:00', NULL, NULL, '2021-03-16 03:45:18', NULL),
(341, 'AC233FC09D59', NULL, NULL, NULL, '2021-03-16 03:45:18', '0000-00-00 00:00:00', NULL, NULL, '2021-03-16 03:45:18', NULL),
(342, 'AC233FC09D5A', NULL, NULL, NULL, '2021-03-16 03:45:18', '0000-00-00 00:00:00', NULL, NULL, '2021-03-16 03:45:18', NULL),
(343, 'AC233FC09D5B', NULL, NULL, NULL, '2021-03-16 03:45:18', '0000-00-00 00:00:00', NULL, NULL, '2021-03-16 03:45:18', NULL),
(344, 'AC233FC09D5C', NULL, NULL, NULL, '2021-03-16 03:45:18', '0000-00-00 00:00:00', NULL, NULL, '2021-03-16 03:45:18', NULL),
(345, 'AC233FC09D5D', NULL, NULL, NULL, '2021-03-16 03:45:18', '0000-00-00 00:00:00', NULL, NULL, '2021-03-16 03:45:18', NULL),
(346, 'AC233FC09D5E', NULL, NULL, NULL, '2021-03-16 03:45:18', '0000-00-00 00:00:00', NULL, NULL, '2021-03-16 03:45:18', NULL),
(347, 'AC233FC09D5F', NULL, NULL, NULL, '2021-03-16 03:45:18', '0000-00-00 00:00:00', NULL, NULL, '2021-03-16 03:45:18', NULL),
(348, 'AC233FC09D60', NULL, NULL, NULL, '2021-03-16 03:45:18', '0000-00-00 00:00:00', NULL, NULL, '2021-03-16 03:45:18', NULL),
(349, 'AC233FC09D61', NULL, NULL, NULL, '2021-03-16 03:45:18', '0000-00-00 00:00:00', NULL, NULL, '2021-03-16 03:45:18', NULL),
(350, 'AC233FC09D62', NULL, NULL, NULL, '2021-03-16 03:45:18', '0000-00-00 00:00:00', NULL, NULL, '2021-03-16 03:45:18', NULL),
(351, 'AC233FC09D63', NULL, NULL, NULL, '2021-03-16 03:45:18', '0000-00-00 00:00:00', NULL, NULL, '2021-03-16 03:45:18', NULL),
(352, 'AC233FC09D64', NULL, NULL, NULL, '2021-03-16 03:45:18', '0000-00-00 00:00:00', NULL, NULL, '2021-03-16 03:45:18', NULL),
(353, 'AC233FC09D65', NULL, NULL, NULL, '2021-03-16 03:45:18', '0000-00-00 00:00:00', NULL, NULL, '2021-03-16 03:45:18', NULL),
(354, 'AC233FC09D66', NULL, NULL, NULL, '2021-03-16 03:45:18', '0000-00-00 00:00:00', NULL, NULL, '2021-03-16 03:45:18', NULL),
(355, 'AC233FC09D67', NULL, NULL, NULL, '2021-03-16 03:45:18', '0000-00-00 00:00:00', NULL, NULL, '2021-03-16 03:45:18', NULL),
(356, 'AC233FC09D68', NULL, NULL, NULL, '2021-03-16 03:45:18', '0000-00-00 00:00:00', NULL, NULL, '2021-03-16 03:45:18', NULL),
(357, 'AC233FC09D69', NULL, NULL, NULL, '2021-03-16 03:45:18', '0000-00-00 00:00:00', NULL, NULL, '2021-03-16 03:45:18', NULL),
(358, 'AC233FC09D6A', NULL, NULL, NULL, '2021-03-16 03:45:18', '0000-00-00 00:00:00', NULL, NULL, '2021-03-16 03:45:18', NULL),
(359, 'AC233FC09D6B', NULL, NULL, NULL, '2021-03-16 03:45:18', '0000-00-00 00:00:00', NULL, NULL, '2021-03-16 03:45:18', NULL),
(360, 'AC233FC09D6C', NULL, NULL, NULL, '2021-03-16 03:45:18', '0000-00-00 00:00:00', NULL, NULL, '2021-03-16 03:45:18', NULL),
(361, 'AC233FC09D6D', NULL, NULL, NULL, '2021-03-16 03:45:18', '0000-00-00 00:00:00', NULL, NULL, '2021-03-16 03:45:18', NULL),
(362, 'AC233FC09D6E', NULL, NULL, NULL, '2021-03-16 03:45:18', '0000-00-00 00:00:00', NULL, NULL, '2021-03-16 03:45:18', NULL),
(363, 'AC233FC09D6F', NULL, NULL, NULL, '2021-03-16 03:45:18', '0000-00-00 00:00:00', NULL, NULL, '2021-03-16 03:45:18', NULL),
(364, 'AC233FC09D70', NULL, NULL, NULL, '2021-03-16 03:45:18', '0000-00-00 00:00:00', NULL, NULL, '2021-03-16 03:45:18', NULL),
(365, 'AC233FC09D71', NULL, NULL, NULL, '2021-03-16 03:45:18', '0000-00-00 00:00:00', NULL, NULL, '2021-03-16 03:45:18', NULL),
(366, 'AC233FC09D72', NULL, NULL, NULL, '2021-03-16 03:45:18', '0000-00-00 00:00:00', NULL, NULL, '2021-03-16 03:45:18', NULL),
(367, 'AC233FC09D73', NULL, NULL, NULL, '2021-03-16 03:45:18', '0000-00-00 00:00:00', NULL, NULL, '2021-03-16 03:45:18', NULL),
(368, 'AC233FC09D74', NULL, NULL, NULL, '2021-03-16 03:45:18', '0000-00-00 00:00:00', NULL, NULL, '2021-03-16 03:45:18', NULL),
(369, 'AC233FC09D75', NULL, NULL, NULL, '2021-03-16 03:45:18', '0000-00-00 00:00:00', NULL, NULL, '2021-03-16 03:45:18', NULL),
(370, 'AC233FC09D76', NULL, NULL, NULL, '2021-03-16 03:45:18', '0000-00-00 00:00:00', NULL, NULL, '2021-03-16 03:45:18', NULL),
(371, 'AC233FC09D77', NULL, NULL, NULL, '2021-03-16 03:45:18', '0000-00-00 00:00:00', NULL, NULL, '2021-03-16 03:45:18', NULL),
(372, 'AC233FC09D78', NULL, NULL, NULL, '2021-03-16 03:45:18', '0000-00-00 00:00:00', NULL, NULL, '2021-03-16 03:45:18', NULL),
(373, 'AC233FC09D79', NULL, NULL, NULL, '2021-03-16 03:45:18', '0000-00-00 00:00:00', NULL, NULL, '2021-03-16 03:45:18', NULL),
(374, 'AC233FC09D7A', NULL, NULL, NULL, '2021-03-16 03:45:18', '0000-00-00 00:00:00', NULL, NULL, '2021-03-16 03:45:18', NULL),
(375, 'AC233FC09D7B', NULL, NULL, NULL, '2021-03-16 03:45:18', '0000-00-00 00:00:00', NULL, NULL, '2021-03-16 03:45:18', NULL),
(376, 'AC233FC09D7C', NULL, NULL, NULL, '2021-03-16 03:45:18', '0000-00-00 00:00:00', NULL, NULL, '2021-03-16 03:45:18', NULL),
(377, 'AC233FC09D7D', NULL, NULL, NULL, '2021-03-16 03:45:18', '0000-00-00 00:00:00', NULL, NULL, '2021-03-16 03:45:18', NULL),
(378, 'AC233FC09D7E', NULL, NULL, NULL, '2021-03-16 03:45:18', '0000-00-00 00:00:00', NULL, NULL, '2021-03-16 03:45:18', NULL),
(379, 'AC233FC09D7F', NULL, NULL, NULL, '2021-03-16 03:45:18', '0000-00-00 00:00:00', NULL, NULL, '2021-03-16 03:45:18', NULL),
(380, 'AC233FC09D80', NULL, NULL, NULL, '2021-03-16 03:45:18', '0000-00-00 00:00:00', NULL, NULL, '2021-03-16 03:45:18', NULL),
(381, 'AC233FC09D81', NULL, NULL, NULL, '2021-03-16 03:45:18', '0000-00-00 00:00:00', NULL, NULL, '2021-03-16 03:45:18', NULL),
(382, 'AC233FC09D82', NULL, NULL, NULL, '2021-03-16 03:45:18', '0000-00-00 00:00:00', NULL, NULL, '2021-03-16 03:45:18', NULL),
(383, 'AC233FC09D83', NULL, NULL, NULL, '2021-03-16 03:45:18', '0000-00-00 00:00:00', NULL, NULL, '2021-03-16 03:45:18', NULL),
(384, 'AC233FC09D84', NULL, NULL, NULL, '2021-03-16 03:45:18', '0000-00-00 00:00:00', NULL, NULL, '2021-03-16 03:45:18', NULL),
(385, 'AC233FC09D85', NULL, NULL, NULL, '2021-03-16 03:45:18', '0000-00-00 00:00:00', NULL, NULL, '2021-03-16 03:45:18', NULL),
(386, 'AC233FC09D86', NULL, NULL, NULL, '2021-03-16 03:45:18', '0000-00-00 00:00:00', NULL, NULL, '2021-03-16 03:45:18', NULL),
(387, 'AC233FC09D87', NULL, NULL, NULL, '2021-03-16 03:45:18', '0000-00-00 00:00:00', NULL, NULL, '2021-03-16 03:45:18', NULL),
(388, 'AC233FC09D88', NULL, NULL, NULL, '2021-03-16 03:45:18', '0000-00-00 00:00:00', NULL, NULL, '2021-03-16 03:45:18', NULL),
(389, 'AC233FC09D89', NULL, NULL, NULL, '2021-03-16 03:45:18', '0000-00-00 00:00:00', NULL, NULL, '2021-03-16 03:45:18', NULL),
(390, 'AC233FC09D8A', NULL, NULL, NULL, '2021-03-16 03:45:18', '0000-00-00 00:00:00', NULL, NULL, '2021-03-16 03:45:18', NULL),
(391, 'AC233FC09D8B', NULL, NULL, NULL, '2021-03-16 03:45:18', '0000-00-00 00:00:00', NULL, NULL, '2021-03-16 03:45:18', NULL),
(392, 'AC233FC09D8C', NULL, NULL, NULL, '2021-03-16 03:45:18', '0000-00-00 00:00:00', NULL, NULL, '2021-03-16 03:45:18', NULL),
(393, 'AC233FC09D8D', NULL, NULL, NULL, '2021-03-16 03:45:18', '0000-00-00 00:00:00', NULL, NULL, '2021-03-16 03:45:18', NULL),
(394, 'AC233FC09D8E', NULL, NULL, NULL, '2021-03-16 03:45:18', '0000-00-00 00:00:00', NULL, NULL, '2021-03-16 03:45:18', NULL),
(395, 'AC233FC09D8F', NULL, NULL, NULL, '2021-03-16 03:45:18', '0000-00-00 00:00:00', NULL, NULL, '2021-03-16 03:45:18', NULL),
(396, 'AC233FC09D90', NULL, NULL, NULL, '2021-03-16 03:45:18', '0000-00-00 00:00:00', NULL, NULL, '2021-03-16 03:45:18', NULL);
INSERT INTO `gateways_table` (`gateway_id`, `mac_addr`, `reader_ip`, `location_id`, `reader_status`, `up_status`, `down_status`, `assigned`, `serial`, `created_at`, `updated_at`) VALUES
(397, 'AC233FC09D91', NULL, NULL, NULL, '2021-03-16 03:45:18', '0000-00-00 00:00:00', NULL, NULL, '2021-03-16 03:45:18', NULL),
(398, 'AC233FC09D92', NULL, NULL, NULL, '2021-03-16 03:45:18', '0000-00-00 00:00:00', NULL, NULL, '2021-03-16 03:45:18', NULL),
(399, 'AC233FC09D93', NULL, NULL, NULL, '2021-03-16 03:45:18', '0000-00-00 00:00:00', NULL, NULL, '2021-03-16 03:45:18', NULL),
(400, 'AC233FC09D94', NULL, NULL, NULL, '2021-03-16 03:45:18', '0000-00-00 00:00:00', NULL, NULL, '2021-03-16 03:45:18', NULL),
(401, 'AC233FC09D95', NULL, NULL, NULL, '2021-03-16 03:45:18', '0000-00-00 00:00:00', NULL, NULL, '2021-03-16 03:45:18', NULL),
(402, 'AC233FC09D96', NULL, NULL, NULL, '2021-03-16 03:45:18', '0000-00-00 00:00:00', NULL, NULL, '2021-03-16 03:45:18', NULL),
(403, 'AC233FC09D97', NULL, NULL, NULL, '2021-03-16 03:45:18', '0000-00-00 00:00:00', NULL, NULL, '2021-03-16 03:45:18', NULL),
(404, 'AC233FC09D98', NULL, NULL, NULL, '2021-03-16 03:45:18', '0000-00-00 00:00:00', NULL, NULL, '2021-03-16 03:45:18', NULL),
(405, 'AC233FC09D99', NULL, NULL, NULL, '2021-03-16 03:45:18', '0000-00-00 00:00:00', NULL, NULL, '2021-03-16 03:45:18', NULL),
(406, 'AC233FC09D9A', NULL, NULL, NULL, '2021-03-16 03:45:18', '0000-00-00 00:00:00', NULL, NULL, '2021-03-16 03:45:18', NULL),
(407, 'AC233FC09D9B', NULL, NULL, NULL, '2021-03-16 03:45:18', '0000-00-00 00:00:00', NULL, NULL, '2021-03-16 03:45:18', NULL),
(408, 'AC233FC09D9C', NULL, NULL, NULL, '2021-03-16 03:45:18', '0000-00-00 00:00:00', NULL, NULL, '2021-03-16 03:45:18', NULL),
(409, 'AC233FC09D9D', NULL, NULL, NULL, '2021-03-16 03:45:18', '0000-00-00 00:00:00', NULL, NULL, '2021-03-16 03:45:18', NULL),
(410, 'AC233FC09D9E', NULL, NULL, NULL, '2021-03-16 03:45:18', '0000-00-00 00:00:00', NULL, NULL, '2021-03-16 03:45:18', NULL),
(411, 'AC233FC09D9F', NULL, NULL, NULL, '2021-03-16 03:45:18', '0000-00-00 00:00:00', NULL, NULL, '2021-03-16 03:45:18', NULL),
(412, 'AC233FC09DA0', NULL, NULL, NULL, '2021-03-16 03:45:18', '0000-00-00 00:00:00', NULL, NULL, '2021-03-16 03:45:18', NULL),
(413, 'AC233FC09DA1', NULL, NULL, NULL, '2021-03-16 03:45:18', '0000-00-00 00:00:00', NULL, NULL, '2021-03-16 03:45:18', NULL),
(414, 'AC233FC09DA2', NULL, NULL, NULL, '2021-03-16 03:45:18', '0000-00-00 00:00:00', NULL, NULL, '2021-03-16 03:45:18', NULL),
(415, 'AC233FC09DA3', NULL, NULL, NULL, '2021-03-16 03:45:18', '0000-00-00 00:00:00', NULL, NULL, '2021-03-16 03:45:18', NULL),
(416, 'AC233FC09DA4', NULL, NULL, NULL, '2021-03-16 03:45:18', '0000-00-00 00:00:00', NULL, NULL, '2021-03-16 03:45:18', NULL),
(417, 'AC233FC09DA5', NULL, NULL, NULL, '2021-03-16 03:45:18', '0000-00-00 00:00:00', NULL, NULL, '2021-03-16 03:45:18', NULL),
(418, 'AC233FC09DA6', NULL, NULL, NULL, '2021-03-16 03:45:18', '0000-00-00 00:00:00', NULL, NULL, '2021-03-16 03:45:18', NULL),
(419, 'AC233FC09DA7', NULL, NULL, NULL, '2021-03-16 03:45:18', '0000-00-00 00:00:00', NULL, NULL, '2021-03-16 03:45:18', NULL),
(420, 'AC233FC09DA8', NULL, NULL, NULL, '2021-03-16 03:45:18', '0000-00-00 00:00:00', NULL, NULL, '2021-03-16 03:45:18', NULL),
(421, 'AC233FC09DA9', NULL, NULL, NULL, '2021-03-16 03:45:18', '0000-00-00 00:00:00', NULL, NULL, '2021-03-16 03:45:18', NULL),
(422, 'AC233FC09DAA', NULL, NULL, NULL, '2021-03-16 03:45:18', '0000-00-00 00:00:00', NULL, NULL, '2021-03-16 03:45:18', NULL),
(423, 'AC233FC09DAB', NULL, NULL, NULL, '2021-03-16 03:45:18', '0000-00-00 00:00:00', NULL, NULL, '2021-03-16 03:45:18', NULL),
(424, 'AC233FC09DAC', NULL, NULL, NULL, '2021-03-16 03:45:18', '0000-00-00 00:00:00', NULL, NULL, '2021-03-16 03:45:18', NULL);

-- --------------------------------------------------------

--
-- Table structure for table `locations_master_table`
--

CREATE TABLE `locations_master_table` (
  `location_master_id` bigint(20) UNSIGNED NOT NULL,
  `location_type_id` bigint(20) UNSIGNED DEFAULT NULL,
  `parent_location_id` bigint(20) UNSIGNED DEFAULT NULL,
  `location_description` varchar(255) DEFAULT NULL,
  `floor` int(10) UNSIGNED DEFAULT NULL
) ENGINE=InnoDB DEFAULT CHARSET=latin1;

--
-- Dumping data for table `locations_master_table`
--

INSERT INTO `locations_master_table` (`location_master_id`, `location_type_id`, `parent_location_id`, `location_description`, `floor`) VALUES
(1, 1, NULL, 'Corridor', 1),
(2, 4, NULL, 'Canteen', 1);

-- --------------------------------------------------------

--
-- Table structure for table `locations_type_table`
--

CREATE TABLE `locations_type_table` (
  `type_id` bigint(20) UNSIGNED NOT NULL,
  `location_type` varchar(45) DEFAULT NULL
) ENGINE=InnoDB DEFAULT CHARSET=latin1;

--
-- Dumping data for table `locations_type_table`
--

INSERT INTO `locations_type_table` (`type_id`, `location_type`) VALUES
(1, 'Corridor'),
(2, 'Room'),
(3, 'Toilet'),
(4, 'Canteen'),
(5, 'Public Toilet'),
(6, 'Common Area');

-- --------------------------------------------------------

--
-- Table structure for table `residents_table`
--

CREATE TABLE `residents_table` (
  `resident_id` bigint(20) UNSIGNED NOT NULL,
  `beacon_id` bigint(20) UNSIGNED DEFAULT NULL,
  `resident_fName` varchar(45) DEFAULT NULL,
  `resident_lName` varchar(45) DEFAULT NULL,
  `resident_age` int(11) DEFAULT NULL,
  `wheelchair` tinyint(1) DEFAULT NULL,
  `walking_cane` tinyint(1) DEFAULT NULL,
  `x_value` float DEFAULT NULL,
  `y_value` float DEFAULT NULL,
  `z_value` float DEFAULT NULL,
  `created_at` timestamp NOT NULL DEFAULT current_timestamp(),
  `updated_at` timestamp NULL DEFAULT NULL ON UPDATE current_timestamp()
) ENGINE=InnoDB DEFAULT CHARSET=latin1;

--
-- Dumping data for table `residents_table`
--

INSERT INTO `residents_table` (`resident_id`, `beacon_id`, `resident_fName`, `resident_lName`, `resident_age`, `wheelchair`, `walking_cane`, `x_value`, `y_value`, `z_value`, `created_at`, `updated_at`) VALUES
(1, 1, 'Jennifer', 'Kennedy', 80, NULL, NULL, NULL, NULL, NULL, '2021-03-16 03:46:50', NULL),
(2, 2, 'Kathryn', 'Hayes', 87, NULL, NULL, NULL, NULL, NULL, '2021-03-16 03:46:50', NULL),
(3, 3, 'Sherry', 'Kelley', 74, NULL, NULL, NULL, NULL, NULL, '2021-03-16 03:46:50', NULL),
(4, 4, 'Michelle', 'Burgess', 57, NULL, NULL, NULL, NULL, NULL, '2021-03-16 03:46:50', NULL),
(5, 5, 'Sara', 'Moore', 76, NULL, NULL, NULL, NULL, NULL, '2021-03-16 03:46:50', NULL),
(6, 6, 'Charles', 'Jones', 63, NULL, NULL, NULL, NULL, NULL, '2021-03-16 03:46:50', NULL),
(7, 7, 'Cheryl', 'Dunn', 69, NULL, NULL, NULL, NULL, NULL, '2021-03-16 03:46:50', NULL),
(8, 8, 'Thomas', 'Smith', 82, NULL, NULL, NULL, NULL, NULL, '2021-03-16 03:46:50', NULL),
(9, 9, 'Morgan', 'Patton', 55, NULL, NULL, NULL, NULL, NULL, '2021-03-16 03:46:50', NULL),
(10, 10, 'Amanda', 'Wells', 86, NULL, NULL, NULL, NULL, NULL, '2021-03-16 03:46:50', NULL),
(11, 11, 'Alexander', 'Brown', 79, NULL, NULL, NULL, NULL, NULL, '2021-03-16 03:46:50', NULL),
(12, 12, 'Danielle', 'Mueller', 69, NULL, NULL, NULL, NULL, NULL, '2021-03-16 03:46:50', NULL),
(13, 13, 'Chase', 'Long', 56, NULL, NULL, NULL, NULL, NULL, '2021-03-16 03:46:50', NULL),
(14, 14, 'Zoe', 'Gonzalez', 81, NULL, NULL, NULL, NULL, NULL, '2021-03-16 03:46:50', NULL),
(15, 15, 'Vincent', 'Hawkins', 52, NULL, NULL, NULL, NULL, NULL, '2021-03-16 03:46:50', NULL),
(16, 16, 'Scott', 'Robertson', 58, NULL, NULL, NULL, NULL, NULL, '2021-03-16 03:46:50', NULL),
(17, 17, 'Heather', 'Smith', 68, NULL, NULL, NULL, NULL, NULL, '2021-03-16 03:46:50', NULL),
(18, 18, 'James', 'Rowe', 63, NULL, NULL, NULL, NULL, NULL, '2021-03-16 03:46:50', NULL),
(19, 19, 'Cynthia', 'Alvarado', 70, NULL, NULL, NULL, NULL, NULL, '2021-03-16 03:46:50', NULL),
(20, 20, 'Ruben', 'White', 72, NULL, NULL, NULL, NULL, NULL, '2021-03-16 03:46:50', NULL),
(21, 21, 'Denise', 'Grant', 54, NULL, NULL, NULL, NULL, NULL, '2021-03-16 03:46:50', NULL),
(22, 22, 'Sarah', 'Morris', 81, NULL, NULL, NULL, NULL, NULL, '2021-03-16 03:46:50', NULL),
(23, 23, 'Ashley', 'Riggs', 69, NULL, NULL, NULL, NULL, NULL, '2021-03-16 03:46:50', NULL),
(24, 24, 'Dave', 'Rodriguez', 71, NULL, NULL, NULL, NULL, NULL, '2021-03-16 03:46:50', NULL),
(25, 25, 'Stacey', 'Smith', 64, NULL, NULL, NULL, NULL, NULL, '2021-03-16 03:46:50', NULL),
(26, 26, 'Sandra', 'Smith', 72, NULL, NULL, NULL, NULL, NULL, '2021-03-16 03:46:50', NULL),
(27, 27, 'Megan', 'Valdez', 63, NULL, NULL, NULL, NULL, NULL, '2021-03-16 03:46:50', NULL),
(28, 28, 'Stephanie', 'Bradley', 83, NULL, NULL, NULL, NULL, NULL, '2021-03-16 03:46:50', NULL),
(29, 29, 'Olivia', 'Price', 77, NULL, NULL, NULL, NULL, NULL, '2021-03-16 03:46:50', NULL),
(30, 30, 'Robert', 'James', 84, NULL, NULL, NULL, NULL, NULL, '2021-03-16 03:46:50', NULL),
(31, 31, 'Ashley', 'Richardson', 60, NULL, NULL, NULL, NULL, NULL, '2021-03-16 03:46:50', NULL),
(32, 32, 'Michael', 'Roberts', 88, NULL, NULL, NULL, NULL, NULL, '2021-03-16 03:46:50', NULL),
(33, 33, 'Emily', 'Clayton', 52, NULL, NULL, NULL, NULL, NULL, '2021-03-16 03:46:50', NULL),
(34, 34, 'Rachael', 'Stone', 62, NULL, NULL, NULL, NULL, NULL, '2021-03-16 03:46:50', NULL),
(35, 35, 'Anthony', 'Hill', 65, NULL, NULL, NULL, NULL, NULL, '2021-03-16 03:46:50', NULL),
(36, 36, 'Michelle', 'Serrano', 59, NULL, NULL, NULL, NULL, NULL, '2021-03-16 03:46:50', NULL),
(37, 37, 'Angela', 'Hunt', 78, NULL, NULL, NULL, NULL, NULL, '2021-03-16 03:46:50', NULL),
(38, 38, 'Corey', 'Baker', 90, NULL, NULL, NULL, NULL, NULL, '2021-03-16 03:46:50', NULL),
(39, 39, 'Terry', 'Tran', 61, NULL, NULL, NULL, NULL, NULL, '2021-03-16 03:46:50', NULL),
(40, 40, 'Erika', 'Anderson', 82, NULL, NULL, NULL, NULL, NULL, '2021-03-16 03:46:50', NULL),
(41, 41, 'Tim', 'Wright', 56, NULL, NULL, NULL, NULL, NULL, '2021-03-16 03:46:50', NULL),
(42, 42, 'Dana', 'Fleming', 61, NULL, NULL, NULL, NULL, NULL, '2021-03-16 03:46:50', NULL),
(43, 43, 'Judy', 'Walsh', 88, NULL, NULL, NULL, NULL, NULL, '2021-03-16 03:46:50', NULL),
(44, 44, 'Dylan', 'Maldonado', 68, NULL, NULL, NULL, NULL, NULL, '2021-03-16 03:46:50', NULL),
(45, 45, 'James', 'Williams', 63, NULL, NULL, NULL, NULL, NULL, '2021-03-16 03:46:50', NULL),
(46, 46, 'Dennis', 'Hunt', 73, NULL, NULL, NULL, NULL, NULL, '2021-03-16 03:46:50', NULL),
(47, 47, 'Michael', 'Diaz', 61, NULL, NULL, NULL, NULL, NULL, '2021-03-16 03:46:50', NULL),
(48, 48, 'Taylor', 'Joyce', 67, NULL, NULL, NULL, NULL, NULL, '2021-03-16 03:46:50', NULL),
(49, 49, 'Manuel', 'Parker', 66, NULL, NULL, NULL, NULL, NULL, '2021-03-16 03:46:50', NULL),
(50, 50, 'Robert', 'Zamora', 85, NULL, NULL, NULL, NULL, NULL, '2021-03-16 03:46:50', NULL),
(51, 51, 'Courtney', 'Walker', 57, NULL, NULL, NULL, NULL, NULL, '2021-03-16 03:46:50', NULL),
(52, 52, 'Holly', 'Johnson', 84, NULL, NULL, NULL, NULL, NULL, '2021-03-16 03:46:50', NULL),
(53, 53, 'Pamela', 'Howell', 72, NULL, NULL, NULL, NULL, NULL, '2021-03-16 03:46:50', NULL),
(54, 54, 'Brittany', 'Hernandez', 61, NULL, NULL, NULL, NULL, NULL, '2021-03-16 03:46:50', NULL),
(55, 55, 'Daisy', 'Joyce', 88, NULL, NULL, NULL, NULL, NULL, '2021-03-16 03:46:50', NULL),
(56, 56, 'Craig', 'Brooks', 77, NULL, NULL, NULL, NULL, NULL, '2021-03-16 03:46:50', NULL),
(57, 57, 'Robert', 'Harrington', 89, NULL, NULL, NULL, NULL, NULL, '2021-03-16 03:46:50', NULL),
(58, 58, 'Kristina', 'Hines', 78, NULL, NULL, NULL, NULL, NULL, '2021-03-16 03:46:50', NULL),
(59, 59, 'David', 'Griffith', 74, NULL, NULL, NULL, NULL, NULL, '2021-03-16 03:46:50', NULL),
(60, 60, 'Jason', 'Haynes', 75, NULL, NULL, NULL, NULL, NULL, '2021-03-16 03:46:50', NULL),
(61, 61, 'Elizabeth', 'Webb', 60, NULL, NULL, NULL, NULL, NULL, '2021-03-16 03:46:50', NULL),
(62, 62, 'Mario', 'Franklin', 90, NULL, NULL, NULL, NULL, NULL, '2021-03-16 03:46:50', NULL),
(63, 63, 'Kimberly', 'Beck', 60, NULL, NULL, NULL, NULL, NULL, '2021-03-16 03:46:50', NULL),
(64, 64, 'Dean', 'Dennis', 74, NULL, NULL, NULL, NULL, NULL, '2021-03-16 03:46:50', NULL),
(65, 65, 'Douglas', 'Chase', 90, NULL, NULL, NULL, NULL, NULL, '2021-03-16 03:46:50', NULL),
(66, 66, 'Michelle', 'Goodwin', 61, NULL, NULL, NULL, NULL, NULL, '2021-03-16 03:46:50', NULL),
(67, 67, 'Natasha', 'Meadows', 74, NULL, NULL, NULL, NULL, NULL, '2021-03-16 03:46:50', NULL),
(68, 68, 'Benjamin', 'Perkins', 75, NULL, NULL, NULL, NULL, NULL, '2021-03-16 03:46:50', NULL),
(69, 69, 'Todd', 'Powell', 75, NULL, NULL, NULL, NULL, NULL, '2021-03-16 03:46:50', NULL),
(70, 70, 'Jeanette', 'May', 81, NULL, NULL, NULL, NULL, NULL, '2021-03-16 03:46:50', NULL),
(71, 71, 'Austin', 'Flores', 56, NULL, NULL, NULL, NULL, NULL, '2021-03-16 03:46:50', NULL),
(72, 72, 'Stephanie', 'Yang', 80, NULL, NULL, NULL, NULL, NULL, '2021-03-16 03:46:50', NULL),
(73, 73, 'Nancy', 'Jackson', 51, NULL, NULL, NULL, NULL, NULL, '2021-03-16 03:46:50', NULL),
(74, 74, 'Pamela', 'Hamilton', 82, NULL, NULL, NULL, NULL, NULL, '2021-03-16 03:46:50', NULL),
(75, 75, 'Andrew', 'Robinson', 67, NULL, NULL, NULL, NULL, NULL, '2021-03-16 03:46:50', NULL),
(76, 76, 'Robert', 'Norman', 88, NULL, NULL, NULL, NULL, NULL, '2021-03-16 03:46:50', NULL),
(77, 77, 'Gina', 'Brown', 71, NULL, NULL, NULL, NULL, NULL, '2021-03-16 03:46:50', NULL),
(78, 78, 'Elizabeth', 'Erickson', 74, NULL, NULL, NULL, NULL, NULL, '2021-03-16 03:46:50', NULL),
(79, 79, 'Susan', 'May', 69, NULL, NULL, NULL, NULL, NULL, '2021-03-16 03:46:50', NULL),
(80, 80, 'Carlos', 'Hill', 76, NULL, NULL, NULL, NULL, NULL, '2021-03-16 03:46:50', NULL),
(81, 81, 'Lisa', 'Ali', 57, NULL, NULL, NULL, NULL, NULL, '2021-03-16 03:46:50', NULL),
(82, 82, 'Gregory', 'Higgins', 75, NULL, NULL, NULL, NULL, NULL, '2021-03-16 03:46:50', NULL),
(83, 83, 'Kyle', 'Dunlap', 58, NULL, NULL, NULL, NULL, NULL, '2021-03-16 03:46:50', NULL),
(84, 84, 'Joshua', 'Davis', 54, NULL, NULL, NULL, NULL, NULL, '2021-03-16 03:46:50', NULL),
(85, 85, 'Jake', 'Bailey', 84, NULL, NULL, NULL, NULL, NULL, '2021-03-16 03:46:50', NULL),
(86, 86, 'Jamie', 'Hoffman', 62, NULL, NULL, NULL, NULL, NULL, '2021-03-16 03:46:50', NULL),
(87, 87, 'Kristin', 'Christian', 54, NULL, NULL, NULL, NULL, NULL, '2021-03-16 03:46:50', NULL),
(88, 88, 'Priscilla', 'Montgomery', 79, NULL, NULL, NULL, NULL, NULL, '2021-03-16 03:46:50', NULL),
(89, 89, 'Kenneth', 'Ritter', 62, NULL, NULL, NULL, NULL, NULL, '2021-03-16 03:46:50', NULL),
(90, 90, 'Jose', 'Austin', 54, NULL, NULL, NULL, NULL, NULL, '2021-03-16 03:46:50', NULL),
(91, 91, 'Gabriela', 'Bauer', 72, NULL, NULL, NULL, NULL, NULL, '2021-03-16 03:46:50', NULL),
(92, 92, 'Mariah', 'Mills', 57, NULL, NULL, NULL, NULL, NULL, '2021-03-16 03:46:50', NULL),
(93, 93, 'Sandy', 'Clarke', 53, NULL, NULL, NULL, NULL, NULL, '2021-03-16 03:46:50', NULL),
(94, 94, 'Megan', 'Martinez', 84, NULL, NULL, NULL, NULL, NULL, '2021-03-16 03:46:50', NULL),
(95, 95, 'David', 'Bishop', 87, NULL, NULL, NULL, NULL, NULL, '2021-03-16 03:46:50', NULL),
(96, 96, 'James', 'Chapman', 90, NULL, NULL, NULL, NULL, NULL, '2021-03-16 03:46:50', NULL),
(97, 97, 'Sarah', 'Valentine', 56, NULL, NULL, NULL, NULL, NULL, '2021-03-16 03:46:50', NULL),
(98, 98, 'Courtney', 'Campbell', 78, NULL, NULL, NULL, NULL, NULL, '2021-03-16 03:46:50', NULL),
(99, 99, 'Anthony', 'Pierce', 81, NULL, NULL, NULL, NULL, NULL, '2021-03-16 03:46:50', NULL),
(100, 100, 'Melissa', 'Evans', 55, NULL, NULL, NULL, NULL, NULL, '2021-03-16 03:46:50', NULL),
(101, 101, 'Colleen', 'Schwartz', 89, NULL, NULL, NULL, NULL, NULL, '2021-03-16 03:46:50', NULL),
(102, 102, 'Nancy', 'Long', 57, NULL, NULL, NULL, NULL, NULL, '2021-03-16 03:46:50', NULL),
(103, 103, 'Joshua', 'Curtis', 80, NULL, NULL, NULL, NULL, NULL, '2021-03-16 03:46:50', NULL),
(104, 104, 'Rachel', 'Taylor', 52, NULL, NULL, NULL, NULL, NULL, '2021-03-16 03:46:50', NULL),
(105, 105, 'Ashley', 'Bautista', 67, NULL, NULL, NULL, NULL, NULL, '2021-03-16 03:46:50', NULL),
(106, 106, 'Shane', 'Davis', 61, NULL, NULL, NULL, NULL, NULL, '2021-03-16 03:46:50', NULL),
(107, 107, 'Megan', 'Abbott', 82, NULL, NULL, NULL, NULL, NULL, '2021-03-16 03:46:50', NULL),
(108, 108, 'Sergio', 'Moore', 76, NULL, NULL, NULL, NULL, NULL, '2021-03-16 03:46:50', NULL),
(109, 109, 'Connor', 'Knight', 50, NULL, NULL, NULL, NULL, NULL, '2021-03-16 03:46:50', NULL),
(110, 110, 'Savannah', 'Parker', 71, NULL, NULL, NULL, NULL, NULL, '2021-03-16 03:46:50', NULL),
(111, 111, 'Marcia', 'Mercado', 68, NULL, NULL, NULL, NULL, NULL, '2021-03-16 03:46:50', NULL),
(112, 112, 'David', 'Martin', 57, NULL, NULL, NULL, NULL, NULL, '2021-03-16 03:46:50', NULL),
(113, 113, 'Kyle', 'Schultz', 67, NULL, NULL, NULL, NULL, NULL, '2021-03-16 03:46:50', NULL),
(114, 114, 'Javier', 'Lambert', 53, NULL, NULL, NULL, NULL, NULL, '2021-03-16 03:46:50', NULL),
(115, 115, 'Nicole', 'Hunt', 57, NULL, NULL, NULL, NULL, NULL, '2021-03-16 03:46:50', NULL),
(116, 116, 'Justin', 'Baldwin', 52, NULL, NULL, NULL, NULL, NULL, '2021-03-16 03:46:50', NULL),
(117, 117, 'David', 'Harris', 77, NULL, NULL, NULL, NULL, NULL, '2021-03-16 03:46:50', NULL),
(118, 118, 'Thomas', 'Wood', 68, NULL, NULL, NULL, NULL, NULL, '2021-03-16 03:46:50', NULL),
(119, 119, 'Becky', 'Wright', 89, NULL, NULL, NULL, NULL, NULL, '2021-03-16 03:46:50', NULL),
(120, 120, 'Ryan', 'Andersen', 88, NULL, NULL, NULL, NULL, NULL, '2021-03-16 03:46:50', NULL),
(121, 121, 'Rachel', 'Christian', 86, NULL, NULL, NULL, NULL, NULL, '2021-03-16 03:46:50', NULL),
(122, 122, 'Mark', 'Atkinson', 79, NULL, NULL, NULL, NULL, NULL, '2021-03-16 03:46:50', NULL),
(123, 123, 'Ashley', 'Hernandez', 67, NULL, NULL, NULL, NULL, NULL, '2021-03-16 03:46:50', NULL),
(124, 124, 'Jacob', 'Wilson', 58, NULL, NULL, NULL, NULL, NULL, '2021-03-16 03:46:50', NULL),
(125, 125, 'Theodore', 'Cannon', 76, NULL, NULL, NULL, NULL, NULL, '2021-03-16 03:46:50', NULL),
(126, 126, 'Paula', 'King', 63, NULL, NULL, NULL, NULL, NULL, '2021-03-16 03:46:50', NULL),
(127, 127, 'Carlos', 'Patterson', 59, NULL, NULL, NULL, NULL, NULL, '2021-03-16 03:46:50', NULL),
(128, 128, 'Kiara', 'Coleman', 84, NULL, NULL, NULL, NULL, NULL, '2021-03-16 03:46:50', NULL),
(129, 129, 'Suzanne', 'Graves', 50, NULL, NULL, NULL, NULL, NULL, '2021-03-16 03:46:50', NULL),
(130, 130, 'Steve', 'Williams', 88, NULL, NULL, NULL, NULL, NULL, '2021-03-16 03:46:50', NULL),
(131, 131, 'Jerry', 'Castro', 64, NULL, NULL, NULL, NULL, NULL, '2021-03-16 03:46:50', NULL),
(132, 132, 'Jason', 'Smith', 66, NULL, NULL, NULL, NULL, NULL, '2021-03-16 03:46:50', NULL),
(133, 133, 'Robert', 'Hall', 71, NULL, NULL, NULL, NULL, NULL, '2021-03-16 03:46:50', NULL),
(134, 134, 'Elizabeth', 'Gray', 85, NULL, NULL, NULL, NULL, NULL, '2021-03-16 03:46:50', NULL),
(135, 135, 'Claudia', 'Bradley', 79, NULL, NULL, NULL, NULL, NULL, '2021-03-16 03:46:50', NULL),
(136, 136, 'Jessica', 'Hayes', 60, NULL, NULL, NULL, NULL, NULL, '2021-03-16 03:46:50', NULL),
(137, 137, 'Joseph', 'Saunders', 80, NULL, NULL, NULL, NULL, NULL, '2021-03-16 03:46:50', NULL),
(138, 138, 'Zachary', 'Spears', 66, NULL, NULL, NULL, NULL, NULL, '2021-03-16 03:46:50', NULL),
(139, 139, 'Lonnie', 'Hanson', 80, NULL, NULL, NULL, NULL, NULL, '2021-03-16 03:46:50', NULL),
(140, 140, 'Richard', 'Haley', 84, NULL, NULL, NULL, NULL, NULL, '2021-03-16 03:46:50', NULL),
(141, 141, 'Erica', 'Schneider', 53, NULL, NULL, NULL, NULL, NULL, '2021-03-16 03:46:50', NULL),
(142, 142, 'Mariah', 'Garcia', 70, NULL, NULL, NULL, NULL, NULL, '2021-03-16 03:46:50', NULL),
(143, 143, 'Nicholas', 'Gonzales', 66, NULL, NULL, NULL, NULL, NULL, '2021-03-16 03:46:50', NULL),
(144, 144, 'Willie', 'King', 70, NULL, NULL, NULL, NULL, NULL, '2021-03-16 03:46:50', NULL),
(145, 145, 'Linda', 'Smith', 71, NULL, NULL, NULL, NULL, NULL, '2021-03-16 03:46:50', NULL),
(146, 146, 'William', 'Leonard', 78, NULL, NULL, NULL, NULL, NULL, '2021-03-16 03:46:50', NULL),
(147, 147, 'Benjamin', 'Knapp', 84, NULL, NULL, NULL, NULL, NULL, '2021-03-16 03:46:50', NULL),
(148, 148, 'Daniel', 'Kramer', 79, NULL, NULL, NULL, NULL, NULL, '2021-03-16 03:46:50', NULL),
(149, 149, 'David', 'Palmer', 87, NULL, NULL, NULL, NULL, NULL, '2021-03-16 03:46:50', NULL),
(150, 150, 'Daniel', 'Patterson', 62, NULL, NULL, NULL, NULL, NULL, '2021-03-16 03:46:50', NULL),
(151, 151, 'Sarah', 'Beck', 90, NULL, NULL, NULL, NULL, NULL, '2021-03-16 03:46:50', NULL),
(152, 152, 'Aaron', 'Brown', 87, NULL, NULL, NULL, NULL, NULL, '2021-03-16 03:46:50', NULL),
(153, 153, 'Molly', 'Hawkins', 85, NULL, NULL, NULL, NULL, NULL, '2021-03-16 03:46:50', NULL),
(154, 154, 'Christian', 'Brooks', 59, NULL, NULL, NULL, NULL, NULL, '2021-03-16 03:46:50', NULL),
(155, 155, 'Tyler', 'Jones', 90, NULL, NULL, NULL, NULL, NULL, '2021-03-16 03:46:50', NULL),
(156, 156, 'Valerie', 'Gomez', 84, NULL, NULL, NULL, NULL, NULL, '2021-03-16 03:46:50', NULL),
(157, 157, 'James', 'Ford', 82, NULL, NULL, NULL, NULL, NULL, '2021-03-16 03:46:50', NULL),
(158, 158, 'Monica', 'Hart', 60, NULL, NULL, NULL, NULL, NULL, '2021-03-16 03:46:50', NULL),
(159, 159, 'Calvin', 'Hahn', 54, NULL, NULL, NULL, NULL, NULL, '2021-03-16 03:46:50', NULL),
(160, 160, 'Scott', 'Paul', 67, NULL, NULL, NULL, NULL, NULL, '2021-03-16 03:46:50', NULL),
(161, 161, 'Kimberly', 'Graham', 58, NULL, NULL, NULL, NULL, NULL, '2021-03-16 03:46:50', NULL),
(162, 162, 'Stephen', 'Johnson', 62, NULL, NULL, NULL, NULL, NULL, '2021-03-16 03:46:50', NULL),
(163, 163, 'Suzanne', 'Morgan', 88, NULL, NULL, NULL, NULL, NULL, '2021-03-16 03:46:50', NULL),
(164, 164, 'Amanda', 'Cruz', 66, NULL, NULL, NULL, NULL, NULL, '2021-03-16 03:46:50', NULL),
(165, 165, 'Ronald', 'Martin', 86, NULL, NULL, NULL, NULL, NULL, '2021-03-16 03:46:50', NULL),
(166, 166, 'Maria', 'Macias', 82, NULL, NULL, NULL, NULL, NULL, '2021-03-16 03:46:50', NULL),
(167, 167, 'Mary', 'Powell', 73, NULL, NULL, NULL, NULL, NULL, '2021-03-16 03:46:50', NULL),
(168, 168, 'Emily', 'Mcfarland', 83, NULL, NULL, NULL, NULL, NULL, '2021-03-16 03:46:50', NULL),
(169, 169, 'Anthony', 'Knight', 63, NULL, NULL, NULL, NULL, NULL, '2021-03-16 03:46:50', NULL),
(170, 170, 'Jason', 'Greer', 88, NULL, NULL, NULL, NULL, NULL, '2021-03-16 03:46:50', NULL),
(171, 171, 'Yvonne', 'Young', 87, NULL, NULL, NULL, NULL, NULL, '2021-03-16 03:46:50', NULL),
(172, 172, 'Robert', 'Mann', 52, NULL, NULL, NULL, NULL, NULL, '2021-03-16 03:46:50', NULL),
(173, 173, 'Christopher', 'Brown', 90, NULL, NULL, NULL, NULL, NULL, '2021-03-16 03:46:50', NULL),
(174, 174, 'Christopher', 'Smith', 74, NULL, NULL, NULL, NULL, NULL, '2021-03-16 03:46:50', NULL),
(175, 175, 'Kimberly', 'Nelson', 80, NULL, NULL, NULL, NULL, NULL, '2021-03-16 03:46:50', NULL),
(176, 176, 'Kevin', 'Heath', 60, NULL, NULL, NULL, NULL, NULL, '2021-03-16 03:46:50', NULL),
(177, 177, 'Linda', 'Richards', 52, NULL, NULL, NULL, NULL, NULL, '2021-03-16 03:46:50', NULL),
(178, 178, 'Brenda', 'Murphy', 76, NULL, NULL, NULL, NULL, NULL, '2021-03-16 03:46:50', NULL),
(179, 179, 'Timothy', 'Williams', 61, NULL, NULL, NULL, NULL, NULL, '2021-03-16 03:46:50', NULL),
(180, 180, 'Stacey', 'Johnson', 76, NULL, NULL, NULL, NULL, NULL, '2021-03-16 03:46:50', NULL),
(181, 181, 'Margaret', 'Vargas', 52, NULL, NULL, NULL, NULL, NULL, '2021-03-16 03:46:50', NULL),
(182, 182, 'Tiffany', 'Smith', 53, NULL, NULL, NULL, NULL, NULL, '2021-03-16 03:46:50', NULL),
(183, 183, 'Edward', 'Ewing', 84, NULL, NULL, NULL, NULL, NULL, '2021-03-16 03:46:50', NULL),
(184, 184, 'Lisa', 'Singh', 62, NULL, NULL, NULL, NULL, NULL, '2021-03-16 03:46:50', NULL),
(185, 185, 'Cody', 'Brown', 64, NULL, NULL, NULL, NULL, NULL, '2021-03-16 03:46:50', NULL),
(186, 186, 'Lisa', 'Bryant', 64, NULL, NULL, NULL, NULL, NULL, '2021-03-16 03:46:50', NULL),
(187, 187, 'Brendan', 'Arnold', 86, NULL, NULL, NULL, NULL, NULL, '2021-03-16 03:46:50', NULL),
(188, 188, 'Christina', 'Serrano', 54, NULL, NULL, NULL, NULL, NULL, '2021-03-16 03:46:50', NULL),
(189, 189, 'Christopher', 'Bryant', 70, NULL, NULL, NULL, NULL, NULL, '2021-03-16 03:46:50', NULL),
(190, 190, 'Bryan', 'Arroyo', 52, NULL, NULL, NULL, NULL, NULL, '2021-03-16 03:46:50', NULL),
(191, 191, 'Taylor', 'Ford', 85, NULL, NULL, NULL, NULL, NULL, '2021-03-16 03:46:50', NULL),
(192, 192, 'Jose', 'Knight', 78, NULL, NULL, NULL, NULL, NULL, '2021-03-16 03:46:50', NULL),
(193, 193, 'Paul', 'Vargas', 78, NULL, NULL, NULL, NULL, NULL, '2021-03-16 03:46:50', NULL),
(194, 194, 'Kenneth', 'Carroll', 56, NULL, NULL, NULL, NULL, NULL, '2021-03-16 03:46:50', NULL),
(195, 195, 'Dakota', 'Whitehead', 56, NULL, NULL, NULL, NULL, NULL, '2021-03-16 03:46:50', NULL),
(196, 196, 'Joseph', 'Baldwin', 57, NULL, NULL, NULL, NULL, NULL, '2021-03-16 03:46:50', NULL),
(197, 197, 'Jacob', 'Coleman', 83, NULL, NULL, NULL, NULL, NULL, '2021-03-16 03:46:50', NULL),
(198, 198, 'Kimberly', 'Bass', 53, NULL, NULL, NULL, NULL, NULL, '2021-03-16 03:46:50', NULL),
(199, 199, 'Andrew', 'Fernandez', 64, NULL, NULL, NULL, NULL, NULL, '2021-03-16 03:46:50', NULL),
(200, 200, 'Diana', 'Maddox', 90, NULL, NULL, NULL, NULL, NULL, '2021-03-16 03:46:50', NULL),
(201, 201, 'Daniel', 'Smith', 63, NULL, NULL, NULL, NULL, NULL, '2021-03-16 03:46:50', NULL),
(202, 202, 'Angela', 'Jones', 52, NULL, NULL, NULL, NULL, NULL, '2021-03-16 03:46:50', NULL),
(203, 203, 'Amanda', 'Garrett', 61, NULL, NULL, NULL, NULL, NULL, '2021-03-16 03:46:50', NULL),
(204, 204, 'Sabrina', 'Collins', 59, NULL, NULL, NULL, NULL, NULL, '2021-03-16 03:46:50', NULL),
(205, 205, 'Wendy', 'Boyle', 63, NULL, NULL, NULL, NULL, NULL, '2021-03-16 03:46:50', NULL),
(206, 206, 'Connie', 'Johnson', 52, NULL, NULL, NULL, NULL, NULL, '2021-03-16 03:46:50', NULL),
(207, 207, 'Claudia', 'Vaughn', 63, NULL, NULL, NULL, NULL, NULL, '2021-03-16 03:46:50', NULL),
(208, 208, 'Jeffrey', 'Holt', 61, NULL, NULL, NULL, NULL, NULL, '2021-03-16 03:46:50', NULL),
(209, 209, 'Daniel', 'Rivers', 77, NULL, NULL, NULL, NULL, NULL, '2021-03-16 03:46:50', NULL),
(210, 210, 'Grant', 'Camacho', 62, NULL, NULL, NULL, NULL, NULL, '2021-03-16 03:46:50', NULL);

-- --------------------------------------------------------

--
-- Table structure for table `rules_table`
--

CREATE TABLE `rules_table` (
  `rules_id` bigint(20) UNSIGNED NOT NULL,
  `description` varchar(255) DEFAULT NULL,
  `x_threshold` float DEFAULT NULL,
  `y_threshold` float DEFAULT NULL,
  `z_threshold` float DEFAULT NULL,
  `x_frequency` int(11) DEFAULT NULL,
  `y_frequency` int(11) DEFAULT NULL,
  `z_frequency` int(11) DEFAULT NULL,
  `alert_action` tinyint(1) DEFAULT NULL,
  `attendance` tinyint(1) DEFAULT NULL,
  `geoence` tinyint(1) DEFAULT NULL,
  `rules_type_id` bigint(20) UNSIGNED DEFAULT NULL,
  `scope_id` bigint(20) UNSIGNED DEFAULT NULL
) ENGINE=InnoDB DEFAULT CHARSET=latin1;

-- --------------------------------------------------------

--
-- Table structure for table `rules_type_table`
--

CREATE TABLE `rules_type_table` (
  `rules_type_id` bigint(20) UNSIGNED NOT NULL,
  `rules_type_desc` varchar(45) DEFAULT NULL
) ENGINE=InnoDB DEFAULT CHARSET=latin1;

-- --------------------------------------------------------

--
-- Table structure for table `scopes_table`
--

CREATE TABLE `scopes_table` (
  `scope_id` bigint(20) UNSIGNED NOT NULL,
  `location_id` bigint(20) UNSIGNED DEFAULT NULL,
  `gateway_dwell_time` varchar(45) DEFAULT NULL,
  `start_time` timestamp NOT NULL DEFAULT current_timestamp() ON UPDATE current_timestamp(),
  `end_time` timestamp NOT NULL DEFAULT current_timestamp() ON UPDATE current_timestamp()
) ENGINE=InnoDB DEFAULT CHARSET=latin1;

-- --------------------------------------------------------

--
-- Table structure for table `users_right_table`
--

CREATE TABLE `users_right_table` (
  `user_right_id` int(11) NOT NULL,
  `description` varchar(255) DEFAULT NULL,
  `restriction` varchar(255) DEFAULT NULL
) ENGINE=InnoDB DEFAULT CHARSET=latin1;

-- --------------------------------------------------------

--
-- Table structure for table `users_table`
--

CREATE TABLE `users_table` (
  `user_id` bigint(20) UNSIGNED NOT NULL,
  `beacon_id` bigint(20) UNSIGNED DEFAULT NULL,
  `type_id` int(11) DEFAULT NULL,
  `right_id` int(11) DEFAULT NULL,
  `fName` varchar(20) DEFAULT NULL,
  `lName` varchar(20) DEFAULT NULL,
  `phone_number` varchar(20) DEFAULT NULL,
  `created_at` timestamp NOT NULL DEFAULT current_timestamp(),
  `updated_at` timestamp NULL DEFAULT NULL ON UPDATE current_timestamp()
) ENGINE=InnoDB DEFAULT CHARSET=latin1;

-- --------------------------------------------------------

--
-- Table structure for table `users_type_table`
--

CREATE TABLE `users_type_table` (
  `user_type_id` int(11) NOT NULL,
  `type` varchar(20) DEFAULT NULL,
  `description` varchar(255) DEFAULT NULL
) ENGINE=InnoDB DEFAULT CHARSET=latin1;

--
-- Indexes for dumped tables
--

--
-- Indexes for table `activity_log_table`
--
ALTER TABLE `activity_log_table`
  ADD PRIMARY KEY (`log_id`);

--
-- Indexes for table `alerts_table`
--
ALTER TABLE `alerts_table`
  ADD PRIMARY KEY (`alert_id`),
  ADD KEY `rules_id` (`rules_id`),
  ADD KEY `user_id` (`user_id`),
  ADD KEY `reader_id` (`reader_id`),
  ADD KEY `beacon_id` (`beacon_id`);

--
-- Indexes for table `beacons_table`
--
ALTER TABLE `beacons_table`
  ADD PRIMARY KEY (`beacon_id`),
  ADD UNIQUE KEY `beacon_id` (`beacon_id`),
  ADD KEY `beacon_type` (`beacon_type`),
  ADD KEY `current_loc` (`current_loc`);

--
-- Indexes for table `beacons_type_table`
--
ALTER TABLE `beacons_type_table`
  ADD PRIMARY KEY (`beacon_type_id`);

--
-- Indexes for table `buildings_table`
--
ALTER TABLE `buildings_table`
  ADD PRIMARY KEY (`building_id`);

--
-- Indexes for table `floors_table`
--
ALTER TABLE `floors_table`
  ADD PRIMARY KEY (`floor_id`),
  ADD KEY `building_id` (`building_id`);

--
-- Indexes for table `gateways_table`
--
ALTER TABLE `gateways_table`
  ADD PRIMARY KEY (`gateway_id`),
  ADD KEY `location_id` (`location_id`);

--
-- Indexes for table `locations_master_table`
--
ALTER TABLE `locations_master_table`
  ADD PRIMARY KEY (`location_master_id`),
  ADD KEY `location_type_id` (`location_type_id`),
  ADD KEY `floor` (`floor`);

--
-- Indexes for table `locations_type_table`
--
ALTER TABLE `locations_type_table`
  ADD PRIMARY KEY (`type_id`);

--
-- Indexes for table `residents_table`
--
ALTER TABLE `residents_table`
  ADD PRIMARY KEY (`resident_id`),
  ADD UNIQUE KEY `resident_id` (`resident_id`),
  ADD KEY `beacon_id` (`beacon_id`);

--
-- Indexes for table `rules_table`
--
ALTER TABLE `rules_table`
  ADD PRIMARY KEY (`rules_id`),
  ADD KEY `rules_type_id` (`rules_type_id`),
  ADD KEY `scope_id` (`scope_id`);

--
-- Indexes for table `rules_type_table`
--
ALTER TABLE `rules_type_table`
  ADD PRIMARY KEY (`rules_type_id`);

--
-- Indexes for table `scopes_table`
--
ALTER TABLE `scopes_table`
  ADD PRIMARY KEY (`scope_id`),
  ADD KEY `location_id` (`location_id`);

--
-- Indexes for table `users_right_table`
--
ALTER TABLE `users_right_table`
  ADD PRIMARY KEY (`user_right_id`);

--
-- Indexes for table `users_table`
--
ALTER TABLE `users_table`
  ADD PRIMARY KEY (`user_id`),
  ADD KEY `type_id` (`type_id`),
  ADD KEY `right_id` (`right_id`),
  ADD KEY `beacon_id` (`beacon_id`);

--
-- Indexes for table `users_type_table`
--
ALTER TABLE `users_type_table`
  ADD PRIMARY KEY (`user_type_id`);

--
-- AUTO_INCREMENT for dumped tables
--

--
-- AUTO_INCREMENT for table `activity_log_table`
--
ALTER TABLE `activity_log_table`
  MODIFY `log_id` bigint(20) UNSIGNED NOT NULL AUTO_INCREMENT;

--
-- AUTO_INCREMENT for table `alerts_table`
--
ALTER TABLE `alerts_table`
  MODIFY `alert_id` bigint(20) NOT NULL AUTO_INCREMENT;

--
-- AUTO_INCREMENT for table `beacons_table`
--
ALTER TABLE `beacons_table`
  MODIFY `beacon_id` bigint(20) UNSIGNED NOT NULL AUTO_INCREMENT, AUTO_INCREMENT=211;

--
-- AUTO_INCREMENT for table `beacons_type_table`
--
ALTER TABLE `beacons_type_table`
  MODIFY `beacon_type_id` int(10) UNSIGNED NOT NULL AUTO_INCREMENT, AUTO_INCREMENT=2;

--
-- AUTO_INCREMENT for table `buildings_table`
--
ALTER TABLE `buildings_table`
  MODIFY `building_id` bigint(20) UNSIGNED NOT NULL AUTO_INCREMENT, AUTO_INCREMENT=7;

--
-- AUTO_INCREMENT for table `floors_table`
--
ALTER TABLE `floors_table`
  MODIFY `floor_id` int(10) UNSIGNED NOT NULL AUTO_INCREMENT, AUTO_INCREMENT=7;

--
-- AUTO_INCREMENT for table `gateways_table`
--
ALTER TABLE `gateways_table`
  MODIFY `gateway_id` bigint(20) UNSIGNED NOT NULL AUTO_INCREMENT, AUTO_INCREMENT=425;

--
-- AUTO_INCREMENT for table `locations_master_table`
--
ALTER TABLE `locations_master_table`
  MODIFY `location_master_id` bigint(20) UNSIGNED NOT NULL AUTO_INCREMENT, AUTO_INCREMENT=3;

--
-- AUTO_INCREMENT for table `locations_type_table`
--
ALTER TABLE `locations_type_table`
  MODIFY `type_id` bigint(20) UNSIGNED NOT NULL AUTO_INCREMENT, AUTO_INCREMENT=7;

--
-- AUTO_INCREMENT for table `residents_table`
--
ALTER TABLE `residents_table`
  MODIFY `resident_id` bigint(20) UNSIGNED NOT NULL AUTO_INCREMENT, AUTO_INCREMENT=211;

--
-- AUTO_INCREMENT for table `rules_table`
--
ALTER TABLE `rules_table`
  MODIFY `rules_id` bigint(20) UNSIGNED NOT NULL AUTO_INCREMENT;

--
-- AUTO_INCREMENT for table `rules_type_table`
--
ALTER TABLE `rules_type_table`
  MODIFY `rules_type_id` bigint(20) UNSIGNED NOT NULL AUTO_INCREMENT;

--
-- AUTO_INCREMENT for table `scopes_table`
--
ALTER TABLE `scopes_table`
  MODIFY `scope_id` bigint(20) UNSIGNED NOT NULL AUTO_INCREMENT;

--
-- AUTO_INCREMENT for table `users_right_table`
--
ALTER TABLE `users_right_table`
  MODIFY `user_right_id` int(11) NOT NULL AUTO_INCREMENT;

--
-- AUTO_INCREMENT for table `users_table`
--
ALTER TABLE `users_table`
  MODIFY `user_id` bigint(20) UNSIGNED NOT NULL AUTO_INCREMENT;

--
-- AUTO_INCREMENT for table `users_type_table`
--
ALTER TABLE `users_type_table`
  MODIFY `user_type_id` int(11) NOT NULL AUTO_INCREMENT;

--
-- Constraints for dumped tables
--

--
-- Constraints for table `alerts_table`
--
ALTER TABLE `alerts_table`
  ADD CONSTRAINT `alerts_table_ibfk_1` FOREIGN KEY (`rules_id`) REFERENCES `rules_table` (`rules_id`),
  ADD CONSTRAINT `alerts_table_ibfk_2` FOREIGN KEY (`user_id`) REFERENCES `users_table` (`user_id`),
  ADD CONSTRAINT `alerts_table_ibfk_3` FOREIGN KEY (`reader_id`) REFERENCES `gateways_table` (`gateway_id`),
  ADD CONSTRAINT `alerts_table_ibfk_4` FOREIGN KEY (`beacon_id`) REFERENCES `beacons_table` (`beacon_id`);

--
-- Constraints for table `beacons_table`
--
ALTER TABLE `beacons_table`
  ADD CONSTRAINT `beacons_table_ibfk_1` FOREIGN KEY (`beacon_type`) REFERENCES `beacons_type_table` (`beacon_type_id`),
  ADD CONSTRAINT `beacons_table_ibfk_2` FOREIGN KEY (`current_loc`) REFERENCES `gateways_table` (`gateway_id`);

--
-- Constraints for table `floors_table`
--
ALTER TABLE `floors_table`
  ADD CONSTRAINT `floors_table_ibfk_1` FOREIGN KEY (`building_id`) REFERENCES `buildings_table` (`building_id`) ON UPDATE CASCADE;

--
-- Constraints for table `gateways_table`
--
ALTER TABLE `gateways_table`
  ADD CONSTRAINT `gateways_table_ibfk_1` FOREIGN KEY (`location_id`) REFERENCES `locations_master_table` (`location_master_id`) ON UPDATE CASCADE;

--
-- Constraints for table `locations_master_table`
--
ALTER TABLE `locations_master_table`
  ADD CONSTRAINT `locations_master_table_ibfk_1` FOREIGN KEY (`location_type_id`) REFERENCES `locations_type_table` (`type_id`),
  ADD CONSTRAINT `locations_master_table_ibfk_2` FOREIGN KEY (`floor`) REFERENCES `floors_table` (`floor_id`) ON DELETE CASCADE;

--
-- Constraints for table `residents_table`
--
ALTER TABLE `residents_table`
  ADD CONSTRAINT `residents_table_ibfk_1` FOREIGN KEY (`beacon_id`) REFERENCES `beacons_table` (`beacon_id`) ON UPDATE CASCADE;

--
-- Constraints for table `rules_table`
--
ALTER TABLE `rules_table`
  ADD CONSTRAINT `rules_table_ibfk_1` FOREIGN KEY (`rules_type_id`) REFERENCES `rules_type_table` (`rules_type_id`),
  ADD CONSTRAINT `rules_table_ibfk_2` FOREIGN KEY (`scope_id`) REFERENCES `scopes_table` (`scope_id`);

--
-- Constraints for table `scopes_table`
--
ALTER TABLE `scopes_table`
  ADD CONSTRAINT `scopes_table_ibfk_1` FOREIGN KEY (`location_id`) REFERENCES `locations_master_table` (`location_master_id`);

--
-- Constraints for table `users_table`
--
ALTER TABLE `users_table`
  ADD CONSTRAINT `users_table_ibfk_1` FOREIGN KEY (`type_id`) REFERENCES `users_type_table` (`user_type_id`),
  ADD CONSTRAINT `users_table_ibfk_2` FOREIGN KEY (`right_id`) REFERENCES `users_right_table` (`user_right_id`),
  ADD CONSTRAINT `users_table_ibfk_3` FOREIGN KEY (`beacon_id`) REFERENCES `beacons_table` (`beacon_id`) ON UPDATE CASCADE;
COMMIT;

/*!40101 SET CHARACTER_SET_CLIENT=@OLD_CHARACTER_SET_CLIENT */;
/*!40101 SET CHARACTER_SET_RESULTS=@OLD_CHARACTER_SET_RESULTS */;
/*!40101 SET COLLATION_CONNECTION=@OLD_COLLATION_CONNECTION */;
