AC233FC09C05,2,L1-CA-01
AC233FC09C06,2,L1-CA-02
AC233FC09C07,2,L1-CA-03
AC233FC09C08,2,L1-CA-04
AC233FC09C09,2,L1-CA-05
AC233FC09C0A,2,L1-CA-06
AC233FC09C0B,2,L1-CA-07
AC233FC09C0C,2,L1-CA-08
AC233FC09C0D,3,L1-CA-09
AC233FC09C0E,3,L1-CA-10
AC233FC09C0F,3,L1-CA-11
AC233FC09C10,4,L1-CA-12
AC233FC09C11,4,L1-CA-13
AC233FC09C12,4,L1-CA-14
AC233FC09C13,5,L1-CA-15
AC233FC09C14,6,L1-CA-16
AC233FC09C15,6,L1-CA-17
AC233FC09C16,7,L1-CA-18
AC233FC09C17,8,L1-CA-19
AC233FC09C18,8,L1-CA-20
AC233FC09C19,16,L1-CA-21
AC233FC09C1A,16,L1-CA-22
AC233FC09C1B,10,L1-CA-23
AC233FC09C1C,10,L1-CA-24
AC233FC09C1D,10,L1-CA-25
AC233FC09C1E,10,L1-CA-26
AC233FC09C1F,9,L1-CA-27
AC233FC09C20,11,L1-CA-28
AC233FC09C21,11,L1-CA-29
AC233FC09C22,11,L1-CA-30
AC233FC09C23,11,L1-CA-31
AC233FC09C24,11,L1-CA-32
AC233FC09C25,11,L1-CA-33
AC233FC09C26,12,L1-CA-34
AC233FC09C27,15,L1-CA-35
AC233FC09C28,15,L1-CA-36
AC233FC09C29,15,L1-CA-37
AC233FC09C2A,13,L1-PT-01
AC233FC09C2B,14,L1-PT-02
AC233FC09C2C,1,L1-CR-01
AC233FC09C2D,1,L1-CR-02
AC233FC09C2E,1,L1-CR-03
AC233FC09C2F,1,L1-CR-04
AC233FC09C30,17,L2-RT-01
AC233FC09C31,17,L2-RT-02
AC233FC09C32,18,L2-RM-11
AC233FC09C33,18,L2-RM-12
AC233FC09C34,18,L2-RM-13
AC233FC09C35,18,L2-RM-14
AC233FC09C36,19,L2-RT-03
AC233FC09C37,19,L2-RT-04
AC233FC09C38,20,L2-RM-21
AC233FC09C39,20,L2-RM-22
AC233FC09C3A,20,L2-RM-23
AC233FC09C3B,20,L2-RM-24
AC233FC09C3C,21,L2-RT-05
AC233FC09C3D,21,L2-RT-06
AC233FC09C3E,22,L2-RM-31
AC233FC09C3F,22,L2-RM-32
AC233FC09C40,22,L2-RM-33
AC233FC09C41,22,L2-RM-34
AC233FC09C42,23,L2-RT-07
AC233FC09C43,23,L2-RT-08
AC233FC09C44,24,L2-RM-41
AC233FC09C45,24,L2-RM-42
AC233FC09C46,24,L2-RM-43
AC233FC09C47,24,L2-RM-44
AC233FC09C48,25,L2-RT-09
AC233FC09C49,25,L2-RT-10
AC233FC09C4A,26,L2-RM-51
AC233FC09C4B,26,L2-RM-52
AC233FC09C4C,26,L2-RM-53
AC233FC09C4D,26,L2-RM-54
AC233FC09C4E,27,L2-RT-11
AC233FC09C4F,27,L2-RT-12
AC233FC09C50,28,L2-RM-61
AC233FC09C51,28,L2-RM-62
AC233FC09C52,28,L2-RM-63
AC233FC09C53,28,L2-RM-64
AC233FC09C54,29,L2-CA-21
AC233FC09C55,30,L2-CA-22
AC233FC09C56,42,L2-CR-16
AC233FC09C57,31,L2-CA-23
AC233FC09C58,32,L2-CA-24
AC233FC09C59,33,L2-CA-25
AC233FC09C5A,34,L2-CA-26
AC233FC09C5B,35,L2-RT-13
AC233FC09C5C,36,L2-RM-101
AC233FC09C5D,36,L2-RM-102
AC233FC09C5E,37,L2-RT-14
AC233FC09C5F,38,L2-RM-103
AC233FC09C60,38,L2-RM-104
AC233FC09C61,39,L2-RT-15
AC233FC09C62,40,L2-CA-27
AC233FC09C63,40,L2-CA-28
AC233FC09C64,40,L2-CA-29
AC233FC09C65,40,L2-CA-30
AC233FC09C66,41,L2-CA-31
AC233FC09C67,41,L2-CA-32
AC233FC09C68,41,L2-CA-33
AC233FC09C69,41,L2-CA-34
AC233FC09C6A,42,L2-CR-01
AC233FC09C6B,42,L2-CR-02
AC233FC09C6C,42,L2-CR-03
AC233FC09C6D,42,L2-CR-04
AC233FC09C6E,42,L2-CR-05
AC233FC09C6F,42,L2-CR-06
AC233FC09C70,42,L2-CR-07
AC233FC09C71,42,L2-CR-08
AC233FC09C72,42,L2-CR-09
AC233FC09C73,42,L2-CR-10
AC233FC09C74,42,L2-CR-11
AC233FC09C75,42,L2-CR-12
AC233FC09C76,42,L2-CR-13
AC233FC09C77,42,L2-CR-14
AC233FC09C78,42,L2-CR-15
AC233FC09C79,43,L2-PT-01
AC233FC09C7A,43,L2-PT-02
AC233FC09C7B,43,L2-PT-03
AC233FC09C7C,43,L2-PT-04
AC233FC09C7D,43,L2-PT-05
AC233FC09C7E,44,L2-PT-06
AC233FC09C7F,45,L2-CA-35
AC233FC09C80,45,L2-CA-36
AC233FC09C81,46,L2-CA-37
AC233FC09C82,47,L3-RT-01
AC233FC09C83,47,L3-RT-02
AC233FC09C84,48,L3-RM-101
AC233FC09C85,48,L3-RM-102
AC233FC09C86,48,L3-RM-103
AC233FC09C87,48,L3-RM-104
AC233FC09C88,49,L3-RT-03
AC233FC09C89,49,L3-RT-04
AC233FC09C8A,50,L3-RM-201
AC233FC09C8B,50,L3-RM-202
AC233FC09C8C,50,L3-RM-203
AC233FC09C8D,50,L3-RM-204
AC233FC09C8E,51,L3-RT-05
AC233FC09C8F,51,L3-RT-06
AC233FC09C90,52,L3-RM-301
AC233FC09C91,52,L3-RM-302
AC233FC09C92,52,L3-RM-303
AC233FC09C93,52,L3-RM-304
AC233FC09C94,53,L3-RT-07
AC233FC09C95,53,L3-RT-08
AC233FC09C96,54,L3-RM-401
AC233FC09C97,54,L3-RM-402
AC233FC09C98,54,L3-RM-403
AC233FC09C99,54,L3-RM-404
AC233FC09C9A,55,L3-RT-09
AC233FC09C9B,55,L3-RT-10
AC233FC09C9C,56,L3-RM-501
AC233FC09C9D,56,L3-RM-502
AC233FC09C9E,56,L3-RM-503
AC233FC09C9F,56,L3-RM-504
AC233FC09CA0,57,L3-RT-11
AC233FC09CA1,57,L3-RT-12
AC233FC09CA2,58,L3-RM-601
AC233FC09CA3,58,L3-RM-602
AC233FC09CA4,58,L3-RM-603
AC233FC09CA5,58,L3-RM-604
AC233FC09CA6,59,L3-RT-13
AC233FC09CA7,59,L3-RT-14
AC233FC09CA8,60,L3-RM-701
AC233FC09CA9,60,L3-RM-702
AC233FC09CAA,60,L3-RM-703
AC233FC09CAB,60,L3-RM-704
AC233FC09CAC,61,L3-RT-15
AC233FC09CAD,61,L3-RT-16
AC233FC09CAE,62,L3-RM-801
AC233FC09CAF,62,L3-RM-802
AC233FC09CB0,62,L3-RM-803
AC233FC09CB1,62,L3-RM-804
AC233FC09CB2,63,L3-RT-17
AC233FC09CB3,63,L3-RT-18
AC233FC09CB4,64,L3-RM-901
AC233FC09CB5,64,L3-RM-902
AC233FC09CB6,64,L3-RM-903
AC233FC09CB7,64,L3-RM-904
AC233FC09CB8,65,L3-RT-19
AC233FC09CB9,65,L3-RT-20
AC233FC09CBA,66,L3-RM-1001
AC233FC09CBB,66,L3-RM-1002
AC233FC09CBC,66,L3-RM-1003
AC233FC09CBD,66,L3-RM-1004
AC233FC09CBE,67,L3-RT-21
AC233FC09CBF,67,L3-RT-22
AC233FC09CC0,68,L3-RM-1101
AC233FC09CC1,68,L3-RM-1102
AC233FC09CC2,68,L3-RM-1103
AC233FC09CC3,68,L3-RM-1104
AC233FC09CC4,69,L3-RT-23
AC233FC09CC5,69,L3-RT-24
AC233FC09CC6,70,L3-RM-1201
AC233FC09CC7,70,L3-RM-1202
AC233FC09CC8,70,L3-RM-1203
AC233FC09CC9,70,L3-RM-1204
AC233FC09CCA,71,L3-CR-01
AC233FC09CCB,71,L3-CR-02
AC233FC09CCC,71,L3-CR-03
AC233FC09CCD,71,L3-CR-04
AC233FC09CCE,71,L3-CR-05
AC233FC09CCF,71,L3-CR-06
AC233FC09CD0,71,L3-CR-07
AC233FC09CD1,71,L3-CR-08
AC233FC09CD2,71,L3-CR-09
AC233FC09CD3,71,L3-CR-10
AC233FC09CD4,71,L3-CR-11
AC233FC09CD5,71,L3-CR-12
AC233FC09CD6,71,L3-CR-13
AC233FC09CD7,71,L3-CR-14
AC233FC09CD8,72,L3-CA-01
AC233FC09CD9,72,L3-CA-02
AC233FC09CDA,72,L3-CA-03
AC233FC09CDB,72,L3-CA-04
AC233FC09CDC,75,L3-CA-05
AC233FC09CDD,73,L3-CA-06
AC233FC09CDE,74,L3-CA-07
AC233FC09CDF,76,L3-PT-01
AC233FC09CE0,77,L4-RT-01
AC233FC09CE1,77,L4-RT-02
AC233FC09CE2,78,L4-RM-101
AC233FC09CE3,78,L4-RM-102
AC233FC09CE4,78,L4-RM-103
AC233FC09CE5,78,L4-RM-104
AC233FC09CE6,79,L4-RT-03
AC233FC09CE7,79,L4-RT-04
AC233FC09CE8,80,L4-RM-201
AC233FC09CE9,80,L4-RM-202
AC233FC09CEA,80,L4-RM-203
AC233FC09CEB,80,L4-RM-204
AC233FC09CEC,81,L4-RT-05
AC233FC09CED,81,L4-RT-06
AC233FC09CEE,82,L4-RM-301
AC233FC09CEF,82,L4-RM-302
AC233FC09CF0,82,L4-RM-303
AC233FC09CF1,82,L4-RM-304
AC233FC09CF2,83,L4-RT-07
AC233FC09CF3,83,L4-RT-08
AC233FC09CF4,84,L4-RM-401
AC233FC09CF5,84,L4-RM-402
AC233FC09CF6,84,L4-RM-403
AC233FC09CF7,84,L4-RM-404
AC233FC09CF8,85,L4-RT-09
AC233FC09CF9,85,L4-RT-10
AC233FC09CFA,86,L4-RM-501
AC233FC09CFB,86,L4-RM-502
AC233FC09CFC,86,L4-RM-503
AC233FC09CFD,86,L4-RM-504
AC233FC09CFE,87,L4-RT-11
AC233FC09CFF,87,L4-RT-12
AC233FC09D00,88,L4-RM-601
AC233FC09D01,88,L4-RM-602
AC233FC09D02,88,L4-RM-603
AC233FC09D03,88,L4-RM-604
AC233FC09D04,89,L4-RT-13
AC233FC09D05,89,L4-RT-14
AC233FC09D06,90,L4-RM-701
AC233FC09D07,90,L4-RM-702
AC233FC09D08,90,L4-RM-703
AC233FC09D09,90,L4-RM-704
AC233FC09D0A,91,L4-RT-15
AC233FC09D0B,91,L4-RT-16
AC233FC09D0C,92,L4-RM-801
AC233FC09D0D,92,L4-RM-802
AC233FC09D0E,92,L4-RM-803
AC233FC09D0F,92,L4-RM-804
AC233FC09D10,93,L4-RT-17
AC233FC09D11,93,L4-RT-18
AC233FC09D12,94,L4-RM-901
AC233FC09D13,94,L4-RM-902
AC233FC09D14,94,L4-RM-903
AC233FC09D15,94,L4-RM-904
AC233FC09D16,95,L4-RT-19
AC233FC09D17,95,L4-RT-20
AC233FC09D18,96,L4-RM-1001
AC233FC09D19,96,L4-RM-1002
AC233FC09D1A,96,L4-RM-1003
AC233FC09D1B,96,L4-RM-1004
AC233FC09D1C,97,L4-RT-21
AC233FC09D1D,97,L4-RT-22
AC233FC09D1E,98,L4-RM-1101
AC233FC09D1F,98,L4-RM-1102
AC233FC09D20,98,L4-RM-1103
AC233FC09D21,98,L4-RM-1104
AC233FC09D22,99,L4-RT-23
AC233FC09D23,99,L4-RT-24
AC233FC09D24,100,L4-RM-1201
AC233FC09D25,100,L4-RM-1202
AC233FC09D26,100,L4-RM-1203
AC233FC09D27,100,L4-RM-1204
AC233FC09D28,101,L4-CR-01
AC233FC09D29,101,L4-CR-02
AC233FC09D2A,101,L4-CR-03
AC233FC09D2B,101,L4-CR-04
AC233FC09D2C,101,L4-CR-05
AC233FC09D2D,101,L4-CR-06
AC233FC09D2E,101,L4-CR-07
AC233FC09D2F,101,L4-CR-08
AC233FC09D30,101,L4-CR-09
AC233FC09D31,101,L4-CR-10
AC233FC09D32,101,L4-CR-11
AC233FC09D33,101,L4-CR-12
AC233FC09D34,101,L4-CR-13
AC233FC09D35,101,L4-CR-14
AC233FC09D36,101,L4-CR-15
AC233FC09D37,101,L4-CR-16
AC233FC09D38,102,L4-CA-01
AC233FC09D39,102,L4-CA-02
AC233FC09D3A,102,L4-CA-03
AC233FC09D3B,103,L4-CA-04
AC233FC09D3C,104,L4-CA-05
AC233FC09D3D,105,L4-CA-06
AC233FC09D3E,106,L4-PT-01
AC233FC09D3F,107,L5-RT-01
AC233FC09D40,107,L5-RT-02
AC233FC09D41,108,L5-RM-101
AC233FC09D42,108,L5-RM-102
AC233FC09D43,108,L5-RM-103
AC233FC09D44,108,L5-RM-104
AC233FC09D45,109,L5-RT-03
AC233FC09D46,109,L5-RT-04
AC233FC09D47,110,L5-RM-201
AC233FC09D48,110,L5-RM-202
AC233FC09D49,110,L5-RM-203
AC233FC09D4A,110,L5-RM-204
AC233FC09D4B,111,L5-RT-05
AC233FC09D4C,111,L5-RT-06
AC233FC09D4D,112,L5-RM-301
AC233FC09D4E,112,L5-RM-302
AC233FC09D4F,112,L5-RM-303
AC233FC09D50,112,L5-RM-304
AC233FC09D51,113,L5-RT-07
AC233FC09D52,113,L5-RT-08
AC233FC09D53,114,L5-RM-401
AC233FC09D54,114,L5-RM-402
AC233FC09D55,114,L5-RM-403
AC233FC09D56,114,L5-RM-404
AC233FC09D57,115,L5-RT-09
AC233FC09D58,115,L5-RT-10
AC233FC09D59,116,L5-RM-501
AC233FC09D5A,116,L5-RM-502
AC233FC09D5B,116,L5-RM-503
AC233FC09D5C,116,L5-RM-504
AC233FC09D5D,117,L5-RT-11
AC233FC09D5E,117,L5-RT-12
AC233FC09D5F,118,L5-RM-601
AC233FC09D60,118,L5-RM-602
AC233FC09D61,118,L5-RM-603
AC233FC09D62,118,L5-RM-604
AC233FC09D63,119,L5-RT-13
AC233FC09D64,119,L5-RT-14
AC233FC09D65,120,L5-RM-701
AC233FC09D66,120,L5-RM-702
AC233FC09D67,120,L5-RM-703
AC233FC09D68,120,L5-RM-704
AC233FC09D69,121,L5-RT-15
AC233FC09D6A,121,L5-RT-16
AC233FC09D6B,122,L5-RM-801
AC233FC09D6C,122,L5-RM-802
AC233FC09D6D,122,L5-RM-803
AC233FC09D6E,122,L5-RM-804
AC233FC09D6F,123,L5-RT-17
AC233FC09D70,123,L5-RT-18
AC233FC09D71,124,L5-RM-901
AC233FC09D72,124,L5-RM-902
AC233FC09D73,124,L5-RM-903
AC233FC09D74,124,L5-RM-904
AC233FC09D75,125,L5-RM-1001
AC233FC09D76,125,L5-RM-1002
AC233FC09D77,125,L5-RM-1003
AC233FC09D78,126,L5-RM-1101
AC233FC09D79,126,L5-RM-1102
AC233FC09D7A,126,L5-RM-1103
AC233FC09D7B,127,L5-RT-19
AC233FC09D7C,127,L5-RT-20
AC233FC09D7D,127,L5-RT-21
AC233FC09D7E,128,L5-CR-01
AC233FC09D7F,128,L5-CR-02
AC233FC09D80,128,L5-CR-03
AC233FC09D81,128,L5-CR-04
AC233FC09D82,128,L5-CR-05
AC233FC09D83,128,L5-CR-06
AC233FC09D84,128,L5-CR-07
AC233FC09D85,128,L5-CR-08
AC233FC09D86,128,L5-CR-09
AC233FC09D87,128,L5-CR-10
AC233FC09D88,128,L5-CR-11
AC233FC09D89,128,L5-CR-12
AC233FC09D8A,129,L5-CA-01
AC233FC09D8B,129,L5-CA-02
AC233FC09D8C,129,L5-CA-03
AC233FC09D8D,129,L5-CA-04
AC233FC09D8E,130,L5-CA-05
AC233FC09D8F,131,L5-CA-06
AC233FC09D90,132,L5-CA-07
AC233FC09D91,136,L5-PT-01
AC233FC09D92,133,L6-CA-01
AC233FC09D93,133,L6-CA-02
AC233FC09D94,135,L6-CR-01
AC233FC09D95,135,L6-CR-02
AC233FC09D96,135,L6-CR-03
AC233FC09D97,135,L6-CR-04
AC233FC09D98,134,L6-PT-01
AC233FC09D99,NULL,NULL
AC233FC09D9A,NULL,NULL
AC233FC09D9B,NULL,NULL
AC233FC09D9C,NULL,NULL
AC233FC09D9D,NULL,NULL
AC233FC09D9E,NULL,NULL
AC233FC09D9F,NULL,NULL
AC233FC09DA0,NULL,NULL
AC233FC09DA1,NULL,NULL
AC233FC09DA2,NULL,NULL
AC233FC09DA3,NULL,NULL
AC233FC09DA4,NULL,NULL
AC233FC09DA5,NULL,NULL
AC233FC09DA6,NULL,NULL
AC233FC09DA7,NULL,NULL
AC233FC09DA8,NULL,NULL
AC233FC09DA9,NULL,NULL
AC233FC09DAA,NULL,NULL
AC233FC09DAB,NULL,NULL
AC233FC09DAC,NULL,NULL
